t,solar
1,
2,
3,
4,
5,
6,
7,0
8,293.4
9,727.3
10,1128.8
11,1411.6
12,1513.5
13,1411.6
14,1128.8
15,727.3
16,293.4
17,0
18,
19,
20,
21,
22,
23,
24,
25,
26,
27,
28,
29,
30,
31,0
32,303.6
33,749.4
34,1161.8
35,1452.3
36,1556.8
37,1452.3
38,1161.8
39,749.4
40,303.6
41,0
42,
43,
44,
45,
46,
47,
48,
49,
50,
51,
52,
53,
54,
55,0
56,302.8
57,744
58,1152
59,1439.3
60,1542.8
61,1439.3
62,1152
63,744
64,302.8
65,0
66,
67,
68,
69,
70,
71,
72,
73,
74,
75,
76,
77,
78,
79,0
80,313.5
81,766.8
82,1185.7
83,1480.7
84,1586.9
85,1480.7
86,1185.7
87,766.8
88,313.5
89,0
90,
91,
92,
93,
94,
95,
96,
97,
98,
99,
100,
101,
102,
103,0
104,273.9
105,666.5
106,1029.2
107,1284.5
108,1376.4
109,1284.5
110,1029.2
111,666.5
112,273.9
113,0
114,
115,
116,
117,
118,
119,
120,
121,
122,
123,
124,
125,
126,
127,0
128,303.8
129,735.4
130,1134
131,1414.4
132,1515.4
133,1414.4
134,1134
135,735.4
136,303.8
137,0
138,
139,
140,
141,
142,
143,
144,
145,
146,
147,
148,
149,
150,
151,0
152,304.7
153,733.3
154,1128.9
155,1407.3
156,1507.4
157,1407.3
158,1128.9
159,733.3
160,304.7
161,0
162,
163,
164,
165,
166,
167,
168,
169,
170,
171,
172,
173,
174,
175,0
176,326.2
177,780.7
178,1200
179,1494.8
180,1600.9
181,1494.8
182,1200
183,780.7
184,326.2
185,0
186,
187,
188,
189,
190,
191,
192,
193,
194,
195,
196,
197,
198,
199,0
200,295.1
201,702
202,1077.2
203,1340.9
204,1435.9
205,1340.9
206,1077.2
207,702
208,295.1
209,0
210,
211,
212,
213,
214,
215,
216,
217,
218,
219,
220,
221,
222,
223,0
224,301.9
225,713.5
226,1092.9
227,1359.6
228,1455.5
229,1359.6
230,1092.9
231,713.5
232,301.9
233,0
234,
235,
236,
237,
238,
239,
240,
241,
242,
243,
244,
245,
246,
247,0
248,321.4
249,754.9
250,1154.1
251,1434.6
252,1535.6
253,1434.6
254,1154.1
255,754.9
256,321.4
257,0
258,
259,
260,
261,
262,
263,
264,
265,
266,
267,
268,
269,
270,
271,0
272,309.9
273,723.1
274,1103.3
275,1370.4
276,1466.5
277,1370.4
278,1103.3
279,723.1
280,309.9
281,0
282,
283,
284,
285,
286,
287,
288,
289,
290,
291,
292,
293,
294,
295,0
296,364.3
297,844.1
298,1285.5
299,1595.4
300,1706.9
301,1595.4
302,1285.5
303,844.1
304,364.3
305,0
306,
307,
308,
309,
310,
311,
312,
313,
314,
315,
316,
317,
318,
319,0
320,359.5
321,827.3
322,1257.3
323,1559.2
324,1667.7
325,1559.2
326,1257.3
327,827.3
328,359.5
329,0
330,
331,
332,
333,
334,
335,
336,
337,
338,
339,
340,
341,
342,
343,0
344,361.7
345,826.6
346,1253.6
347,1553.3
348,1661
349,1553.3
350,1253.6
351,826.6
352,361.7
353,0
354,
355,
356,
357,
358,
359,
360,
361,
362,
363,
364,
365,
366,
367,
368,387.7
369,879.6
370,1331.1
371,1647.9
372,1761.8
373,1647.9
374,1331.1
375,879.6
376,387.7
377,0
378,
379,
380,
381,
382,
383,
384,
385,
386,
387,
388,
389,
390,
391,0
392,396.5
393,893.2
394,1348.8
395,1668.4
396,1783.2
397,1668.4
398,1348.8
399,893.2
400,396.5
401,0
402,
403,
404,
405,
406,
407,
408,
409,
410,
411,
412,
413,
414,
415,0
416,352.4
417,788
418,1187.3
419,1467.2
420,1567.8
421,1467.2
422,1187.3
423,788
424,352.4
425,0
426,
427,
428,
429,
430,
431,
432,
433,
434,
435,
436,
437,
438,
439,0
440,398.9
441,885.4
442,1331
443,1643.3
444,1755.5
445,1643.3
446,1331
447,885.4
448,398.9
449,0
450,
451,
452,
453,
454,
455,
456,
457,
458,
459,
460,
461,
462,
463,0
464,421.5
465,928.7
466,1392.9
467,1718
468,1834.8
469,1718
470,1392.9
471,928.7
472,421.5
473,0
474,
475,
476,
477,
478,
479,
480,
481,
482,
483,
484,
485,
486,
487,0
488,427.1
489,933.9
490,1397.4
491,1721.9
492,1838.5
493,1721.9
494,1397.4
495,933.9
496,427.1
497,0
498,
499,
500,
501,
502,
503,
504,
505,
506,
507,
508,
509,
510,
511,0
512,403.6
513,875.9
514,1307.5
515,1609.6
516,1718.1
517,1609.6
518,1307.5
519,875.9
520,403.6
521,0
522,
523,
524,
525,
526,
527,
528,
529,
530,
531,
532,
533,
534,
535,0
536,437.4
537,942.2
538,1403.1
539,1725.6
540,1841.3
541,1725.6
542,1403.1
543,942.2
544,437.4
545,0
546,
547,
548,
549,
550,
551,
552,
553,
554,
555,
556,
557,
558,
559,0
560,434.9
561,929.7
562,1381.1
563,1696.8
564,1810.1
565,1696.8
566,1381.1
567,929.7
568,434.9
569,0
570,
571,
572,
573,
574,
575,
576,
577,
578,
579,
580,
581,
582,
583,0
584,470.9
585,999
586,1480.4
587,1816.9
588,1937.7
589,1816.9
590,1480.4
591,999
592,470.9
593,0
594,
595,
596,
597,
598,
599,
600,
601,
602,
603,
604,
605,
606,
607,3.3
608,440.2
609,926.9
610,1370.2
611,1679.9
612,1791.1
613,1679.9
614,1370.2
615,926.9
616,440.2
617,3.3
618,
619,
620,
621,
622,
623,
624,
625,
626,
627,
628,
629,
630,
631,9.6
632,477
633,996.8
634,1469.9
635,1800.3
636,1918.8
637,1800.3
638,1469.9
639,996.8
640,477
641,9.6
642,
643,
644,
645,
646,
647,
648,
649,
650,
651,
652,
653,
654,
655,15.9
656,488.9
657,1014.2
658,1491.7
659,1825.1
660,1944.7
661,1825.1
662,1491.7
663,1014.2
664,488.9
665,15.9
666,
667,
668,
669,
670,
671,
672,
673,
674,
675,
676,
677,
678,
679,22.2
680,495.3
681,1019.6
682,1496
683,1828.4
684,1947.5
685,1828.4
686,1496
687,1019.6
688,495.3
689,22.2
690,
691,
692,
693,
694,
695,
696,
697,
698,
699,
700,
701,
702,
703,28.2
704,493
705,1007.5
706,1474.5
707,1800.1
708,1916.9
709,1800.1
710,1474.5
711,1007.5
712,493
713,28.2
714,
715,
716,
717,
718,
719,
720,
721,
722,
723,
724,
725,
726,
727,34.9
728,504.6
729,1023.5
730,1494.1
731,1822.2
732,1939.8
733,1822.2
734,1494.1
735,1023.5
736,504.6
737,34.9
738,
739,
740,
741,
742,
743,
744,
745,
746,
747,
748,
749,
750,
751,42.8
752,527.1
753,1061.4
754,1545.5
755,1882.7
756,2003.6
757,1882.7
758,1545.5
759,1061.4
760,527.1
761,42.8
762,
763,
764,
765,
766,
767,
768,
769,
770,
771,
772,
773,
774,
775,50.2
776,540.4
777,1080.20
778,1568.9
779,1909.2
780,2031.2
781,1909.2
782,1568.9
783,1080.2
784,540.4
785,50.2
786,
787,
788,
789,
790,
791,
792,
793,
794,
795,
796,
797,
798,
799,54.9
800,525.6
801,1043
802,1511.1
803,1836.8
804,1953.5
805,1836.8
806,1511.1
807,1043
808,525.6
809,54.9
810,
811,
812,
813,
814,
815,
816,
817,
818,
819,
820,
821,
822,
823,62.9
824,542.5
825,1068.8
826,1544.5
827,1875.4
828,1993.9
829,1875.4
830,1544.5
831,1068.8
832,542.5
833,62.9
834,
835,
836,
837,
838,
839,
840,
841,
842,
843,
844,
845,
846,
847,71.7
848,563.8
849,1103.1
850,1589.9
851,1928.5
852,2049.7
853,1928.5
854,1589.9
855,1103.1
856,563.8
857,71.7
858,
859,
860,
861,
862,
863,
864,
865,
866,
867,
868,
869,
870,
871,79.4
872,575
873,1117
874,1605.9
875,1945.7
876,2067.3
877,1945.7
878,1605.9
879,1117
880,575
881,79.4
882,
883,
884,
885,
886,
887,
888,
889,
890,
891,
892,
893,
894,
895,84.6
896,567.6
897,1095
898,1570.4
899,1900.5
900,2018.7
901,1900.5
902,1570.4
903,1095
904,567.6
905,84.6
906,
907,
908,
909,
910,
911,
912,
913,
914,
915,
916,
917,
918,
919,89.4
920,560
921,1073.1
922,1535
923,1855.7
924,1970.4
925,1855.7
926,1535
927,1073.1
928,560
929,89.4
930,
931,
932,
933,
934,
935,
936,
937,
938,
939,
940,
941,
942,
943,100.9
944,593
945,1128.5
946,1610.1
947,1944.4
948,2064
949,1944.4
950,1610.1
951,1128.5
952,593
953,100.9
954,
955,
956,
957,
958,
959,
960,
961,
962,
963,
964,
965,
966,
967,106.9
968,592.6
969,1120.2
970,1594.3
971,1923.2
972,2040.8
973,1923.2
974,1594.3
975,1120.2
976,592.6
977,106.9
978,
979,
980,
981,
982,
983,
984,
985,
986,
987,
988,
989,
990,
991,114.5
992,600.7
993,1128.1
994,1601.6
995,1929.9
996,2047.2
997,1929.9
998,1601.6
999,1128.1
1000,600.7
1001,114.5
1002,
1003,
1004,
1005,
1006,
1007,
1008,
1009,
1010,
1011,
1012,
1013,
1014,
1015,118.1
1016,589
1017,1098.8
1018,1556.1
1019,1873
1020,1986.3
1021,1873
1022,1556.1
1023,1098.8
1024,589
1025,118.1
1026,
1027,
1028,
1029,
1030,
1031,
1032,
1033,
1034,
1035,
1036,
1037,
1038,
1039,127.7
1040,607.5
1041,1126
1042,1590.7
1043,1912.6
1044,2027.6
1045,1912.6
1046,1590.7
1047,1126
1048,607.5
1049,127.7
1050,
1051,
1052,
1053,
1054,
1055,
1056,
1057,
1058,
1059,
1060,
1061,
1062,
1063,127.4
1064,579.4
1065,1067.2
1066,1503.9
1067,1806.2
1068,1914.2
1069,1806.2
1070,1503.9
1071,1067.2
1072,579.4
1073,127.4
1074,
1075,
1076,
1077,
1078,
1079,
1080,
1081,
1082,
1083,
1084,
1085,
1086,
1087,140.1
1088,611.2
1089,1118.7
1090,1572.7
1091,1886.7
1092,1998.9
1093,1886.7
1094,1572.7
1095,1118.7
1096,611.2
1097,140.1
1098,
1099,
1100,
1101,
1102,
1103,
1104,
1105,
1106,
1107,
1108,
1109,
1110,
1111,151.7
1112,636.3
1113,1157.4
1114,1623.2
1115,1945.2
1116,2060.2
1117,1945.2
1118,1623.2
1119,1157.4
1120,636.3
1121,151.7
1122,
1123,
1124,
1125,
1126,
1127,
1128,
1129,
1130,
1131,
1132,
1133,
1134,
1135,163
1136,658.6
1137,1190.7
1138,1665.7
1139,1994.1
1140,2111.3
1141,1994.1
1142,1665.7
1143,1190.7
1144,658.6
1145,163
1146,
1147,
1148,
1149,
1150,
1151,
1152,
1153,
1154,
1155,
1156,
1157,
1158,
1159,169.8
1160,662.3
1161,1190.2
1162,1661.1
1163,1986.4
1164,2102.5
1165,1986.4
1166,1661.1
1167,1190.2
1168,662.3
1169,169.8
1170,
1171,
1172,
1173,
1174,
1175,
1176,
1177,
1178,
1179,
1180,
1181,
1182,
1183,167.8
1184,633.1
1185,1131.1
1186,1574.9
1187,1881.2
1188,1990.6
1189,1881.2
1190,1574.9
1191,1131.1
1192,633.1
1193,167.8
1194,
1195,
1196,
1197,
1198,
1199,
1200,
1201,
1202,
1203,
1204,
1205,
1206,
1207,193.2
1208,706.4
1209,1254.6
1210,1742.7
1211,2079.5
1212,2199.7
1213,2079.5
1214,1742.7
1215,1254.6
1216,706.4
1217,193.2
1218,
1219,
1220,
1221,
1222,
1223,
1224,
1225,
1226,
1227,
1228,
1229,
1230,
1231,205.8
1232,730
1233,1289.1
1234,1786.5
1235,2129.5
1236,2251.9
1237,2129.5
1238,1786.5
1239,1289.1
1240,730
1241,205.8
1242,
1243,
1244,
1245,
1246,
1247,
1248,
1249,
1250,
1251,
1252,
1253,
1254,
1255,218.5
1256,753.1
1257,1322.5
1258,1828.5
1259,2177.3
1260,2301.7
1261,2177.3
1262,1828.5
1263,1322.5
1264,753.1
1265,218.5
1266,
1267,
1268,
1269,
1270,
1271,
1272,
1273,
1274,
1275,
1276,
1277,
1278,
1279,228.1
1280,765
1281,1335.9
1282,1842.8
1283,2192
1284,2316.5
1285,2192
1286,1842.8
1287,1335.9
1288,765
1289,228.1
1290,
1291,
1292,
1293,
1294,
1295,
1296,
1297,
1298,
1299,
1300,
1301,
1302,0
1303,230.1
1304,751.7
1305,1305.6
1306,1796.8
1307,2135.2
1308,2255.7
1309,2135.2
1310,1796.8
1311,1305.6
1312,751.7
1313,230.1
1314,0
1315,
1316,
1317,
1318,
1319,
1320,
1321,
1322,
1323,
1324,
1325,
1326,0
1327,238.6
1328,760.5
1329,1313.7
1330,1803.9
1331,2141.3
1332,2261.6
1333,2141.3
1334,1803.9
1335,1313.7
1336,760.5
1337,238.6
1338,0
1339,
1340,
1341,
1342,
1343,
1344,
1345,
1346,
1347,
1348,
1349,
1350,0
1351,239.9
1352,746.7
1353,1283.1
1354,1757.9
1355,2084.6
1356,2201
1357,2084.6
1358,1757.9
1359,1283.1
1360,746.7
1361,239.9
1362,0
1363,
1364,
1365,
1366,
1367,
1368,
1369,
1370,
1371,
1372,
1373,
1374,0
1375,244.4
1376,743.5
1377,1270.8
1378,1737.3
1379,2058.1
1380,2172.4
1381,2058.1
1382,1737.3
1383,1270.8
1384,743.5
1385,244.4
1386,0
1387,
1388,
1389,
1390,
1391,
1392,
1393,
1394,
1395,
1396,
1397,
1398,0
1399,268.4
1400,798.9
1401,1358.4
1402,1853
1403,2192.9
1404,2314
1405,2192.9
1406,1853
1407,1358.4
1408,798.9
1409,268.4
1410,0
1411,
1412,
1413,
1414,
1415,
1416,
1417,
1418,
1419,
1420,
1421,
1422,0
1423,254.1
1424,740.5
1425,1252.9
1426,1705.3
1427,2016.1
1428,2126.8
1429,2016.1
1430,1705.3
1431,1252.9
1432,740.5
1433,254.1
1434,0
1435,
1436,
1437,
1438,
1439,
1440,
1441,
1442,
1443,
1444,
1445,
1446,0
1447,294.7
1448,841.9
1449,1417.3
1450,1925
1451,2273.6
1452,2397.7
1453,2273.6
1454,1925
1455,1417.3
1456,841.9
1457,294.7
1458,0
1459,
1460,
1461,
1462,
1463,
1464,
1465,
1466,
1467,
1468,
1469,
1470,0
1471,307.7
1472,862.2
1473,1444.4
1474,1957.6
1475,2309.7
1476,2435.1
1477,2309.7
1478,1957.6
1479,1444.4
1480,862.2
1481,307.7
1482,0
1483,
1484,
1485,
1486,
1487,
1488,
1489,
1490,
1491,
1492,
1493,
1494,0
1495,312
1496,858
1497,1430.4
1498,1934.6
1499,2280.3
1500,2403.4
1501,2280.3
1502,1934.6
1503,1430.4
1504,858
1505,312
1506,0
1507,
1508,
1509,
1510,
1511,
1512,
1513,
1514,
1515,
1516,
1517,
1518,0
1519,306.6
1520,828.2
1521,1374.3
1522,1854.8
1523,2184.2
1524,2301.4
1525,2184.2
1526,1854.8
1527,1374.3
1528,828.2
1529,306.6
1530,0
1531,
1532,
1533,
1534,
1535,
1536,
1537,
1538,
1539,
1540,
1541,
1542,0
1543,311.6
1544,827.2
1545,1366.3
1546,1840.2
1547,2164.9
1548,2280.4
1549,2164.9
1550,1840.2
1551,1366.3
1552,827.2
1553,311.6
1554,0
1555,
1556,
1557,
1558,
1559,
1560,
1561,
1562,
1563,
1564,
1565,
1566,0
1567,326.3
1568,852.1
1569,1400.8
1570,1882.9
1571,2213
1572,2330.4
1573,2213
1574,1882.9
1575,1400.8
1576,852.1
1577,326.3
1578,0
1579,
1580,
1581,
1582,
1583,
1584,
1585,
1586,
1587,
1588,
1589,
1590,0
1591,332.8
1592,855.1
1593,1399.5
1594,1877.3
1595,2204.4
1596,2320.7
1597,2204.4
1598,1877.3
1599,1399.5
1600,855.1
1601,332.8
1602,0
1603,
1604,
1605,
1606,
1607,
1608,
1609,
1610,
1611,
1612,
1613,
1614,0
1615,361.4
1616,914.2
1617,1489.6
1618,1994.1
1619,2339.4
1620,2462
1621,2339.4
1622,1994.1
1623,1489.6
1624,914.2
1625,361.4
1626,0
1627,
1628,
1629,
1630,
1631,
1632,
1633,
1634,
1635,
1636,
1637,
1638,0
1639,369.3
1640,920.3
1641,1493
1642,1994.8
1643,2338
1644,2459.9
1645,2338
1646,1994.8
1647,1493
1648,920.3
1649,369.3
1650,0
1651,
1652,
1653,
1654,
1655,
1656,
1657,
1658,
1659,
1660,
1661,
1662,0
1663,371.7
1664,913.1
1665,1475
1666,1966.9
1667,2303.2
1668,2422.6
1669,2303.2
1670,1966.9
1671,1475
1672,913.1
1673,371.7
1674,0
1675,
1676,
1677,
1678,
1679,
1680,
1681,
1682,
1683,
1684,
1685,
1686,0
1687,363.1
1688,879.5
1689,1414.7
1690,1882.8
1691,2202.6
1692,2316.2
1693,2202.6
1694,1882.8
1695,1414.7
1696,879.5
1697,363.1
1698,0
1699,
1700,
1701,
1702,
1703,
1704,
1705,
1706,
1707,
1708,
1709,
1710,0
1711,371.4
1712,887.5
1713,1421.6
1714,1888.5
1715,2207.2
1716,2320.5
1717,2207.2
1718,1888.5
1719,1421.6
1720,887.5
1721,371.4
1722,0
1723,
1724,
1725,
1726,
1727,
1728,
1729,
1730,
1731,
1732,
1733,
1734,0
1735,399.2
1736,941.5
1737,1501.9
1738,1991.4
1739,2325.4
1740,2444
1741,2325.4
1742,1991.4
1743,1501.9
1744,941.5
1745,399.2
1746,0
1747,
1748,
1749,
1750,
1751,
1752,
1753,
1754,
1755,
1756,
1757,
1758,0
1759,428.1
1760,996.9
1761,1584
1762,2096.3
1763,2445.8
1764,2569.8
1765,2445.8
1766,2096.3
1767,1584
1768,996.9
1769,428.1
1770,0
1771,
1772,
1773,
1774,
1775,
1776,
1777,
1778,
1779,
1780,
1781,
1782,0
1783,405.3
1784,932.5
1785,1475.8
1786,1949.4
1787,2272.4
1788,2387.1
1789,2272.4
1790,1949.4
1791,1475.8
1792,932.5
1793,405.3
1794,0
1795,
1796,
1797,
1798,
1799,
1800,
1801,
1802,
1803,
1804,
1805,
1806,0
1807,438.4
1808,996.5
1809,1571
1810,2071.4
1811,2412.5
1812,2533.5
1813,2412.5
1814,2071.4
1815,1571
1816,996.5
1817,438.4
1818,0
1819,
1820,
1821,
1822,
1823,
1824,
1825,
1826,
1827,
1828,
1829,
1830,0
1831,445.1
1832,1000.2
1833,1570.8
1834,2067.5
1835,2405.8
1836,2525.9
1837,2405.8
1838,2067.5
1839,1570.8
1840,1000.2
1841,445.1
1842,0
1843,
1844,
1845,
1846,
1847,
1848,
1849,
1850,
1851,
1852,
1853,
1854,0
1855,463.5
1856,1029.9
1857,1611.3
1858,2117
1859,2461.4
1860,2583.5
1861,2461.4
1862,2117
1863,1611.3
1864,1029.9
1865,463.5
1866,0
1867,
1868,
1869,
1870,
1871,
1872,
1873,
1874,
1875,
1876,
1877,
1878,0
1879,489.8
1880,1076.5
1881,1678.1
1882,2200.8
1883,2556.7
1884,2682.8
1885,2556.7
1886,2200.8
1887,1678.1
1888,1076.5
1889,489.8
1890,0
1891,
1892,
1893,
1894,
1895,
1896,
1897,
1898,
1899,
1900,
1901,
1902,4.6
1903,478.5
1904,1040.6
1905,1616.2
1906,2116
1907,2456.1
1908,2576.6
1909,2456.1
1910,2116
1911,1616.2
1912,1040.6
1913,478.5
1914,4.6
1915,
1916,
1917,
1918,
1919,
1920,
1921,
1922,
1923,
1924,
1925,
1926,13
1927,495.3
1928,1066.1
1929,1649.9
1930,2156.4
1931,2500.9
1932,2623
1933,2500.9
1934,2156.4
1935,1649.9
1936,1066.1
1937,495.3
1938,13
1939,
1940,
1941,
1942,
1943,
1944,
1945,
1946,
1947,
1948,
1949,
1950,22
1951,520.3
1952,1108.8
1953,1710
1954,2231.2
1955,2585.4
1956,2711
1957,2585.4
1958,2231.2
1959,1710
1960,1108.8
1961,520.3
1962,22
1963,
1964,
1965,
1966,
1967,
1968,
1969,
1970,
1971,
1972,
1973,
1974,30.2
1975,524
1976,1106.1
1977,1699.8
1978,2214.1
1979,2563.6
1980,2687.5
1981,2563.6
1982,2214.1
1983,1699.8
1984,1106.1
1985,524
1986,30.2
1987,
1988,
1989,
1990,
1991,
1992,
1993,
1994,
1995,
1996,
1997,
1998,34.7
1999,478.8
2000,1001.1
2001,1533.2
2002,1993.9
2003,2306.8
2004,2417.6
2005,2306.8
2006,1993.9
2007,1533.2
2008,1001.1
2009,478.8
2010,34.7
2011,
2012,
2013,
2014,
2015,
2016,
2017,
2018,
2019,
2020,
2021,
2022,43.5
2023,500.8
2024,1037.6
2025,1583.7
2026,2056.2
2027,2377
2028,2490.6
2029,2377
2030,2056.2
2031,1583.7
2032,1037.6
2033,500.8
2034,43.5
2035,
2036,
2037,
2038,
2039,
2040,
2041,
2042,
2043,
2044,
2045,
2046,53.6
2047,532.2
2048,1092.8
2049,1662.6
2050,2155.2
2051,2489.4
2052,2607.7
2053,2489.4
2054,2155.2
2055,1662.6
2056,1092.8
2057,532.2
2058,53.6
2059,
2060,
2061,
2062,
2063,
2064,
2065,
2066,
2067,
2068,
2069,
2070,62.2
2071,545
2072,1109.5
2073,1682.4
2074,2177.4
2075,2513.1
2076,2631.9
2077,2513.1
2078,2177.4
2079,1682.4
2080,1109.5
2081,545
2082,62.2
2083,
2084,
2085,
2086,
2087,
2088,
2089,
2090,
2091,
2092,
2093,
2094,67.3
2095,529.9
2096,1069.7
2097,1616.9
2098,2089.3
2099,2409.6
2100,2522.9
2101,2409.6
2102,2089.3
2103,1616.9
2104,1069.7
2105,529.9
2106,67.3
2107,
2108,
2109,
2110,
2111,
2112,
2113,
2114,
2115,
2116,
2117,
2118,76.6
2119,549.2
2120,1099.5
2121,1656.8
2122,2137.5
2123,2463.3
2124,2578.5
2125,2463.3
2126,2137.5
2127,1656.8
2128,1099.5
2129,549.2
2130,76.6
2131,
2132,
2133,
2134,
2135,
2136,
2137,
2138,
2139,
2140,
2141,
2142,89.4
2143,589.3
2144,1170.3
2145,1758.1
2146,2264.7
2147,2607.9
2148,2729.3
2149,2607.9
2150,2264.7
2151,1758.1
2152,1170.3
2153,589.3
2154,89.4
2155,
2156,
2157,
2158,
2159,
2160,
2161,
2162,
2163,
2164,
2165,
2166,95.8
2167,586.5
2168,1155.7
2169,1730.9
2170,2226.2
2171,2561.7
2172,2680.3
2173,2561.7
2174,2226.2
2175,1730.9
2176,1155.7
2177,586.5
2178,95.8
2179,
2180,
2181,
2182,
2183,
2184,
2185,
2186,
2187,
2188,
2189,
2190,103.4
2191,591.6
2192,1157
2193,1727.7
2194,2218.8
2195,2551.2
2196,2668.8
2197,2551.2
2198,2218.8
2199,1727.7
2200,1157
2201,591.6
2202,103.4
2203,
2204,
2205,
2206,
2207,
2208,
2209,
2210,
2211,
2212,
2213,
2214,117.9
2215,634.8
2216,1232.4
2217,1834.8
2218,2352.9
2219,2703.5
2220,2827.4
2221,2703.5
2222,2352.9
2223,1834.8
2224,1232.4
2225,634.8
2226,117.9
2227,
2228,
2229,
2230,
2231,
2232,
2233,
2234,
2235,
2236,
2237,
2238,127.9
2239,651.5
2240,1255.6
2241,1863.9
2242,2386.7
2243,2740.3
2244,2865.3
2245,2740.3
2246,2386.7
2247,1863.9
2248,1255.6
2249,651.5
2250,127.9
2251,
2252,
2253,
2254,
2255,
2256,
2257,
2258,
2259,
2260,
2261,
2262,134.3
2263,650
2264,1244
2265,1841.4
2266,2354.5
2267,2701.4
2268,2824
2269,2701.4
2270,2354.5
2271,1841.4
2272,1244
2273,650
2274,134.3
2275,
2276,
2277,
2278,
2279,
2280,
2281,
2282,
2283,
2284,
2285,
2286,138
2287,636.6
2288,1210.1
2289,1786.2
2290,2280.7
2291,2614.9
2292,2733
2293,2614.9
2294,2280.7
2295,1786.2
2296,1210.1
2297,636.6
2298,138
2299,
2300,
2301,
2302,
2303,
2304,
2305,
2306,
2307,
2308,
2309,
2310,148.5
2311,655.9
2312,1238.4
2313,1822.9
2314,2324.3
2315,2663
2316,2782.7
2317,2663
2318,2324.3
2319,1822.9
2320,1238.4
2321,655.9
2322,148.5
2323,
2324,
2325,
2326,
2327,
2328,
2329,
2330,
2331,
2332,
2333,
2334,155.5
2335,659.3
2336,1236.6
2337,1815.4
2338,2311.5
2339,2646.6
2340,2764.9
2341,2646.6
2342,2311.5
2343,1815.4
2344,1236.6
2345,659.3
2346,155.5
2347,
2348,
2349,
2350,
2351,
2352,
2353,
2354,
2355,
2356,
2357,
2358,156.9
2359,640.4
2360,1193.5
2361,1747.5
2362,2222
2363,2542.3
2364,2655.5
2365,2542.3
2366,2222
2367,1747.5
2368,1193.5
2369,640.4
2370,156.9
2371,
2372,
2373,
2374,
2375,
2376,
2377,
2378,
2379,
2380,
2381,
2382,169
2383,665.5
2384,1232.6
2385,1799.9
2386,2285.7
2387,2613.4
2388,2729.1
2389,2613.4
2390,2285.7
2391,1799.9
2392,1232.6
2393,665.5
2394,169
2395,
2396,
2397,
2398,
2399,
2400,
2401,
2402,
2403,
2404,
2405,
2406,173.6
2407,661.4
2408,1217.5
2409,1773.4
2410,2249
2411,2569.8
2412,2683
2413,2569.8
2414,2249
2415,1773.4
2416,1217.5
2417,661.4
2418,173.6
2419,
2420,
2421,
2422,
2423,
2424,
2425,
2426,
2427,
2428,
2429,
2430,194.4
2431,717.6
2432,1313.2
2433,1907.8
2434,2416.3
2435,2759.1
2436,2880.1
2437,2759.1
2438,2416.3
2439,1907.8
2440,1313.2
2441,717.6
2442,194.4
2443,
2444,
2445,
2446,
2447,
2448,
2449,
2450,
2451,
2452,
2453,
2454,205.7
2455,737.3
2456,1341.4
2457,1944.1
2458,2459
2459,2806.1
2460,2928.5
2461,2806.1
2462,2459
2463,1944.1
2464,1341.4
2465,737.3
2466,205.7
2467,
2468,
2469,
2470,
2471,
2472,
2473,
2474,
2475,
2476,
2477,
2478,193.1
2479,672.7
2480,1217.1
2481,1759.6
2482,2222.8
2483,2534.9
2484,2645.1
2485,2534.9
2486,2222.8
2487,1759.6
2488,1217.1
2489,672.7
2490,193.1
2491,
2492,
2493,
2494,
2495,
2496,
2497,
2498,
2499,
2500,
2501,
2502,198.1
2503,672.2
2504,1209.5
2505,1744.3
2506,2200.8
2507,2508.2
2508,2616.6
2509,2508.2
2510,2200.8
2511,1744.3
2512,1209.5
2513,672.2
2514,198.1
2515,
2516,
2517,
2518,
2519,
2520,
2521,
2522,
2523,
2524,
2525,0
2526,213.1
2527,705.1
2528,1261.8
2529,1815.4
2530,2287.7
2531,2605.6
2532,2717.7
2533,2605.6
2534,2287.7
2535,1815.4
2536,1261.8
2537,705.1
2538,213.1
2539,0
2540,
2541,
2542,
2543,
2544,
2545,
2546,
2547,
2548,
2549,0
2550,235.1
2551,759.6
2552,1352.3
2553,1941.1
2554,2443
2555,2780.8
2556,2900
2557,2780.8
2558,2443
2559,1941.1
2560,1352.3
2561,759.6
2562,235.1
2563,0
2564,
2565,
2566,
2567,
2568,
2569,
2570,
2571,
2572,
2573,0
2574,243.1
2575,768
2576,1360.1
2577,1947.9
2578,2448.7
2579,2785.5
2580,2904.3
2581,2785.5
2582,2448.7
2583,1947.9
2584,1360.1
2585,768
2586,243.1
2587,0
2588,
2589,
2590,
2591,
2592,
2593,
2594,
2595,
2596,
2597,0
2598,245.2
2599,758.1
2600,1335.9
2601,1908.9
2602,2396.8
2603,2724.9
2604,2840.6
2605,2724.9
2606,2396.8
2607,1908.9
2608,1335.9
2609,758.1
2610,245.2
2611,0
2612,
2613,
2614,
2615,
2616,
2617,
2618,
2619,
2620,
2621,0
2622,251.5
2623,761.8
2624,1335.8
2625,1904.6
2626,2388.6
2627,2713.9
2628,2828.6
2629,2713.9
2630,2388.6
2631,1904.6
2632,1335.8
2633,761.8
2634,251.5
2635,0
2636,
2637,
2638,
2639,
2640,
2641,
2642,
2643,
2644,
2645,0
2646,274.7
2647,815.7
2648,1423.6
2649,2025.4
2650,2537.1
2651,2881
2652,3002.3
2653,2881
2654,2537.1
2655,2025.4
2656,1423.6
2657,815.7
2658,274.7
2659,0
2660,
2661,
2662,
2663,
2664,
2665,
2666,
2667,
2668,
2669,0
2670,264.4
2671,770.6
2672,1338.6
2673,1900.3
2674,2377.8
2675,2698.6
2676,2811.6
2677,2698.6
2678,2377.8
2679,1900.3
2680,1338.6
2681,770.6
2682,264.4
2683,0
2684,
2685,
2686,
2687,
2688,
2689,
2690,
2691,
2692,
2693,0
2694,294.7
2695,843.7
2696,1458.8
2697,2066.7
2698,2583.1
2699,2929.9
2700,3052.1
2701,2929.9
2702,2583.1
2703,2066.7
2704,1458.8
2705,843.7
2706,294.7
2707,0
2708,
2709,
2710,
2711,
2712,
2713,
2714,
2715,
2716,
2717,0
2718,305.4
2719,859.6
2720,1479.7
2721,2092
2722,2611.9
2723,2960.9
2724,3083.8
2725,2960.9
2726,2611.9
2727,2092
2728,1479.7
2729,859.6
2730,305.4
2731,0
2732,
2733,
2734,
2735,
2736,
2737,
2738,
2739,
2740,
2741,0
2742,313.4
2743,867.9
2744,1487.5
2745,2098.9
2746,2617.6
2747,2965.7
2748,3088.4
2749,2965.7
2750,2617.6
2751,2098.9
2752,1487.5
2753,867.9
2754,313.4
2755,0
2756,
2757,
2758,
2759,
2760,
2761,
2762,
2763,
2764,
2765,0
2766,300.6
2767,819.4
2768,1398.5
2769,1969.3
2770,2453.4
2771,2778.2
2772,2892.6
2773,2778.2
2774,2453.4
2775,1969.3
2776,1398.5
2777,819.4
2778,300.6
2779,0
2780,
2781,
2782,
2783,
2784,
2785,
2786,
2787,
2788,
2789,0
2790,311.4
2791,836.3
2792,1421.4
2793,1997.7
2794,2486.1
2795,2813.8
2796,2929.2
2797,2813.8
2798,2486.1
2799,1997.7
2800,1421.4
2801,836.3
2802,311.4
2803,0
2804,
2805,
2806,
2807,
2808,
2809,
2810,
2811,
2812,
2813,0
2814,311.6
2815,824.7
2816,1395.9
2817,1958.1
2818,2434.3
2819,2753.7
2820,2866.2
2821,2753.7
2822,2434.3
2823,1958.1
2824,1395.9
2825,824.7
2826,311.6
2827,0
2828,
2829,
2830,
2831,
2832,
2833,
2834,
2835,
2836,
2837,0
2838,328.6
2839,857.9
2840,1446.5
2841,2025.3
2842,2515.3
2843,2843.9
2844,2959.5
2845,2843.9
2846,2515.3
2847,2025.3
2848,1446.5
2849,857.9
2850,328.6
2851,0
2852,
2853,
2854,
2855,
2856,
2857,
2858,
2859,
2860,
2861,0
2862,341.7
2863,880.3
2864,1478.5
2865,2066.3
2866,2563.7
2867,2897.1
2868,3014.4
2869,2897.1
2870,2563.7
2871,2066.3
2872,1478.5
2873,880.3
2874,341.7
2875,0
2876,
2877,
2878,
2879,
2880,
2881,
2882,
2883,
2884,
2885,0
2886,313.6
2887,797.5
2888,1334.4
2889,1861.5
2890,2307.5
2891,2606.2
2892,2711.4
2893,2606.2
2894,2307.5
2895,1861.5
2896,1334.4
2897,797.5
2898,313.6
2899,0
2900,
2901,
2902,
2903,
2904,
2905,
2906,
2907,
2908,
2909,0
2910,330.7
2911,830.9
2912,1385.1
2913,1928.9
2914,2388.7
2915,2696.6
2916,2805
2917,2696.6
2918,2388.7
2919,1928.9
2920,1385.1
2921,830.9
2922,330.7
2923,0
2924,
2925,
2926,
2927,
2928,
2929,
2930,
2931,
2932,
2933,0
2934,322.2
2935,800.1
2936,1329.1
2937,1847.6
2938,2285.9
2939,2579.3
2940,2682.6
2941,2579.3
2942,2285.9
2943,1847.6
2944,1329.1
2945,800.1
2946,322.2
2947,0
2948,
2949,
2950,
2951,
2952,
2953,
2954,
2955,
2956,
2957,0
2958,355.3
2959,872.3
2960,1443.8
2961,2003.8
2962,2476.9
2963,2793.5
2964,2904.9
2965,2793.5
2966,2476.9
2967,2003.8
2968,1443.8
2969,872.3
2970,355.3
2971,0
2972,
2973,
2974,
2975,
2976,
2977,
2978,
2979,
2980,
2981,0
2982,331.6
2983,805.2
2984,1328.2
2985,1840.3
2986,2272.7
2987,2562
2988,2663.8
2989,2562
2990,2272.7
2991,1840.3
2992,1328.2
2993,805.2
2994,331.6
2995,0
2996,
2997,
2998,
2999,
3000,
3001,
3002,
3003,
3004,
3005,0
3006,327.4
3007,786.7
3008,1293.5
3009,1789.4
3010,2207.8
3011,2487.8
3012,2586.2
3013,2487.8
3014,2207.8
3015,1789.4
3016,1293.5
3017,786.7
3018,327.4
3019,0
3020,
3021,
3022,
3023,
3024,
3025,
3026,
3027,
3028,
3029,0
3030,335.7
3031,798.7
3032,1309
3033,1807.8
3034,2228.7
3035,2510.1
3036,2609.1
3037,2510.1
3038,2228.7
3039,1807.8
3040,1309
3041,798.7
3042,335.7
3043,0
3044,
3045,
3046,
3047,
3048,
3049,
3050,
3051,
3052,
3053,0
3054,370.2
3055,872.2
3056,1424.9
3057,1965
3058,2420.3
3059,2724.8
3060,2831.8
3061,2724.8
3062,2420.3
3063,1965
3064,1424.9
3065,872.2
3066,370.2
3067,0
3068,
3069,
3070,
3071,
3072,
3073,
3074,
3075,
3076,
3077,0
3078,346.2
3079,808.1
3080,1316.1
3081,1812.1
3082,2230.2
3083,2509.7
3084,2607.9
3085,2509.7
3086,2230.2
3087,1812.1
3088,1316.1
3089,808.1
3090,346.2
3091,0
3092,
3093,
3094,
3095,
3096,
3097,
3098,
3099,
3100,
3101,0
3102,357
3103,825.8
3104,1341
3105,1843.7
3106,2267.2
3107,2550.3
3108,2649.8
3109,2550.3
3110,2267.2
3111,1843.7
3112,1341
3113,825.8
3114,357
3115,0
3116,
3117,
3118,
3119,
3120,
3121,
3122,
3123,
3124,
3125,0
3126,379
3127,869.1
3128,1407.1
3129,1931.8
3130,2373.7
3131,2668.9
3132,2772.7
3133,2668.9
3134,2373.7
3135,1931.8
3136,1407.1
3137,869.1
3138,379
3139,0
3140,
3141,
3142,
3143,
3144,
3145,
3146,
3147,
3148,
3149,0
3150,433
3151,984.6
3152,1589.7
3153,2179.3
3154,2675.7
3155,3007.3
3156,3123.8
3157,3007.3
3158,2675.7
3159,2179.3
3160,1589.7
3161,984.6
3162,433
3163,0
3164,
3165,
3166,
3167,
3168,
3169,
3170,
3171,
3172,
3173,0
3174,413.6
3175,933.2
3176,1502.5
3177,2057
3178,2523.5
3179,2835.1
3180,2944.6
3181,2835.1
3182,2523.5
3183,2057
3184,1502.5
3185,933.2
3186,413.6
3187,0
3188,
3189,
3190,
3191,
3192,
3193,
3194,
3195,
3196,
3197,0
3198,407.7
3199,912.6
3200,1465.4
3201,2003.5
3202,2456.2
3203,2758.4
3204,2864.5
3205,2758.4
3206,2456.2
3207,2003.5
3208,1465.4
3209,912.6
3210,407.7
3211,0
3212,
3213,
3214,
3215,
3216,
3217,
3218,
3219,
3220,
3221,0
3222,453.4
3223,1007.4
3224,1613.5
3225,2203.1
3226,2698.9
3227,3029.8
3228,3146
3229,3029.8
3230,2698.9
3231,2203.1
3232,1613.5
3233,1007.4
3234,453.4
3235,0
3236,
3237,
3238,
3239,
3240,
3241,
3242,
3243,
3244,
3245,4.5
3246,458.7
3247,1012
3248,1616.9
3249,2204.9
3250,2699.2
3251,3029
3252,3144.9
3253,3029
3254,2699.2
3255,2204.9
3256,1616.9
3257,1012
3258,458.7
3259,4.5
3260,
3261,
3262,
3263,
3264,
3265,
3266,
3267,
3268,
3269,9.9
3270,468.4
3271,1026.2
3272,1635.5
3273,2227.5
3274,2725
3275,3056.9
3276,3173.5
3277,3056.9
3278,2725
3279,2227.5
3280,1635.5
3281,1026.2
3282,468.4
3283,9.9
3284,
3285,
3286,
3287,
3288,
3289,
3290,
3291,
3292,
3293,14.8
3294,464.6
3295,1011.3
3296,1607.9
3297,2187.4
3298,2674.1
3299,2998.7
3300,3112.8
3301,2998.7
3302,2674.1
3303,2187.4
3304,1607.9
3305,1011.3
3306,464.6
3307,14.8
3308,
3309,
3310,
3311,
3312,
3313,
3314,
3315,
3316,
3317,19.3
3318,457.8
3319,990.2
3320,1570.8
3321,2134.4
3322,2607.6
3323,2923.1
3324,3034
3325,2923.1
3326,2607.6
3327,2134.4
3328,1570.8
3329,990.2
3330,457.8
3331,19.3
3332,
3333,
3334,
3335,
3336,
3337,
3338,
3339,
3340,
3341,23.6
3342,453.1
3343,974
3344,1541.6
3345,2092.3
3346,2554.6
3347,2862.8
3348,2971
3349,2862.8
3350,2554.6
3351,2092.3
3352,1541.6
3353,974
3354,453.1
3355,23.6
3356,
3357,
3358,
3359,
3360,
3361,
3362,
3363,
3364,
3365,28.5
3366,464.3
3367,992.2
3368,1567
3369,2124.5
3370,2592.3
3371,2904.1
3372,3013.6
3373,2904.1
3374,2592.3
3375,2124.5
3376,1567
3377,992.2
3378,464.3
3379,28.5
3380,
3381,
3382,
3383,
3384,
3385,
3386,
3387,
3388,
3389,33.8
3390,480.7
3391,1021.6
3392,1610.2
3393,2180.7
3394,2659.3
3395,2978.2
3396,3090.2
3397,2978.2
3398,2659.3
3399,2180.7
3400,1610.2
3401,1021.6
3402,480.7
3403,33.8
3404,
3405,
3406,
3407,
3408,
3409,
3410,
3411,
3412,
3413,37.5
3414,475.9
3415,1005.8
3416,1582.1
3417,2140.5
3418,2608.7
3419,2920.7
3420,3030.3
3421,2920.7
3422,2608.7
3423,2140.5
3424,1582.1
3425,1005.8
3426,475.9
3427,37.5
3428,
3429,
3430,
3431,
3432,
3433,
3434,
3435,
3436,
3437,39.4
3438,452.8
3439,952.2
3440,1494.9
3441,2020.5
3442,2461.1
3443,2754.6
3444,2857.7
3445,2754.6
3446,2461.1
3447,2020.5
3448,1494.9
3449,952.2
3450,452.8
3451,39.4
3452,
3453,
3454,
3455,
3456,
3457,
3458,
3459,
3460,
3461,46.7
3462,492.7
3463,1030.9
3464,1615.4
3465,2181.2
3466,2655.4
3467,2971.3
3468,3082.2
3469,2971.3
3470,2655.4
3471,2181.2
3472,1615.4
3473,1030.9
3474,492.7
3475,46.7
3476,
3477,
3478,
3479,
3480,
3481,
3482,
3483,
3484,
3485,53.9
3486,527.8
3487,1099.1
3488,1719.2
3489,2319.3
3490,2822
3491,3156.9
3492,3274.4
3493,3156.9
3494,2822
3495,2319.3
3496,1719.2
3497,1099.1
3498,527.8
3499,53.9
3500,
3501,
3502,
3503,
3504,
3505,
3506,
3507,
3508,
3509,58.3
3510,533.9
3511,1106.8
3512,1728.3
3513,2329.5
3514,2833
3515,3168.4
3516,3286
3517,3168.4
3518,2833
3519,2329.5
3520,1728.3
3521,1106.8
3522,533.9
3523,58.3
3524,
3525,
3526,
3527,
3528,
3529,
3530,
3531,
3532,
3533,60.7
3534,524.6
3535,1082.9
3536,1688.2
3537,2273.4
3538,2763.5
3539,3089.9
3540,3204.4
3541,3089.9
3542,2763.5
3543,2273.4
3544,1688.2
3545,1082.9
3546,524.6
3547,60.7
3548,
3549,
3550,
3551,
3552,
3553,
3554,
3555,
3556,
3557,66.4
3558,543.8
3559,1118
3560,1740.1
3561,2341.4
3562,2844.9
3563,3180
3564,3297.6
3565,3180
3566,2844.9
3567,2341.4
3568,1740.1
3569,1118
3570,543.8
3571,66.4
3572,
3573,
3574,
3575,
3576,
3577,
3578,
3579,
3580,
3581,65.7
3582,513
3583,1050.6
3584,1632.8
3585,2195.3
3586,2666.1
3587,2979.5
3588,3089.5
3589,2979.5
3590,2666.1
3591,2195.3
3592,1632.8
3593,1050.6
3594,513
3595,65.7
3596,
3597,
3598,
3599,
3600,
3601,
3602,
3603,
3604,
3605,71
3606,530.8
3607,1082.9
3608,1680.6
3609,2257.9
3610,2741
3611,3062.5
3612,3175.3
3613,3062.5
3614,2741
3615,2257.9
3616,1680.6
3617,1082.9
3618,530.8
3619,71
3620,
3621,
3622,
3623,
3624,
3625,
3626,
3627,
3628,
3629,74.1
3630,532
3631,1081.7
3632,1676.3
3633,2250.5
3634,2730.9
3635,3050.5
3636,3162.7
3637,3050.5
3638,2730.9
3639,2250.5
3640,1676.3
3641,1081.7
3642,532
3643,74.1
3644,
3645,
3646,
3647,
3648,
3649,
3650,
3651,
3652,
3653,81.5
3654,565
3655,1144.8
3656,1771.9
3657,2377.2
3658,2883.5
3659,3220.4
3660,3338.6
3661,3220.4
3662,2883.5
3663,2377.2
3664,1771.9
3665,1144.8
3666,565
3667,81.5
3668,
3669,
3670,
3671,
3672,
3673,
3674,
3675,
3676,
3677,84.2
3678,565.1
3679,1141.4
3680,1764.5
3681,2365.7
3682,2868.5
3683,3203
3684,3320.3
3685,3203
3686,2868.5
3687,2365.7
3688,1764.5
3689,1141.4
3690,565.1
3691,84.2
3692,
3693,
3694,
3695,
3696,
3697,
3698,
3699,
3700,
3701,83.6
3702,544.6
3703,1096.8
3704,1693.5
3705,2269.1
3706,2750.4
3707,3070.6
3708,3182.9
3709,3070.6
3710,2750.4
3711,2269.1
3712,1693.5
3713,1096.8
3714,544.6
3715,83.6
3716,
3717,
3718,
3719,
3720,
3721,
3722,
3723,
3724,
3725,83.5
3726,529.2
3727,1062.8
3728,1639.3
3729,2195.2
3730,2659.9
3731,2969
3732,3077.5
3733,2969
3734,2659.9
3735,2195.2
3736,1639.3
3737,1062.8
3738,529.2
3739,83.5
3740,
3741,
3742,
3743,
3744,
3745,
3746,
3747,
3748,
3749,94.2
3750,582.5
3751,1166.9
3752,1797.9
3753,2406.3
3754,2914.9
3755,3253.1
3756,3371.7
3757,3253.1
3758,2914.9
3759,2406.3
3760,1797.9
3761,1166.9
3762,582.5
3763,94.2
3764,
3765,
3766,
3767,
3768,
3769,
3770,
3771,
3772,
3773,94.5
3774,571.5
3775,1142.1
3776,1757.9
3777,2351.6
3778,2847.8
3779,3177.7
3780,3293.4
3781,3177.7
3782,2847.8
3783,2351.6
3784,1757.9
3785,1142.1
3786,571.5
3787,94.5
3788,
3789,
3790,
3791,
3792,
3793,
3794,
3795,
3796,
3797,94.7
3798,560.9
3799,1118.3
3800,1719.8
3801,2299.5
3802,2783.9
3803,3106
3804,3219
3805,3106
3806,2783.9
3807,2299.5
3808,1719.8
3809,1118.3
3810,560.9
3811,94.7
3812,
3813,
3814,
3815,
3816,
3817,
3818,
3819,
3820,
3821,97.4
3822,566.9
3823,1127.8
3824,1733
3825,2316.2
3826,2803.4
3827,3127.3
3828,3240.9
3829,3127.3
3830,2803.4
3831,2316.2
3832,1733
3833,1127.8
3834,566.9
3835,97.4
3836,
3837,
3838,
3839,
3840,
3841,
3842,
3843,
3844,
3845,100.6
3846,575.9
3847,1143.6
3848,1755.8
3849,2345.7
3850,2838.5
3851,3166.1
3852,3281
3853,3166.1
3854,2838.5
3855,2345.7
3856,1755.8
3857,1143.6
3858,575.9
3859,100.6
3860,
3861,
3862,
3863,
3864,
3865,
3866,
3867,
3868,
3869,103.6
3870,584.4
3871,1158.5
3872,1777.5
3873,2373.8
3874,2871.8
3875,3203
3876,3319.1
3877,3203
3878,2871.8
3879,2373.8
3880,1777.5
3881,1158.5
3882,584.4
3883,103.6
3884,
3885,
3886,
3887,
3888,
3889,
3890,
3891,
3892,
3893,106
3894,589.6
3895,1167.1
3896,1789.5
3897,2389
3898,2889.7
3899,3222.5
3900,3339.2
3901,3222.5
3902,2889.7
3903,2389
3904,1789.5
3905,1167.1
3906,589.6
3907,106
3908,
3909,
3910,
3911,
3912,
3913,
3914,
3915,
3916,
3917,106.8
3918,587.6
3919,1161.4
3920,1779.7
3921,2375.2
3922,2872.5
3923,3203.1
3924,3319
3925,3203.1
3926,2872.5
3927,2375.2
3928,1779.7
3929,1161.4
3930,587.6
3931,106.8
3932,
3933,
3934,
3935,
3936,
3937,
3938,
3939,
3940,
3941,106
3942,577
3943,1139
3944,1744.6
3945,2327.7
3946,2814.6
3947,3138.3
3948,3251.8
3949,3138.3
3950,2814.6
3951,2327.7
3952,1744.6
3953,1139
3954,577
3955,106
3956,
3957,
3958,
3959,
3960,
3961,
3962,
3963,
3964,
3965,108.1
3966,583.7
3967,1151.1
3968,1762.4
3969,2350.8
3970,2842.2
3971,3168.9
3972,3283.4
3973,3168.9
3974,2842.2
3975,2350.8
3976,1762.4
3977,1151.1
3978,583.7
3979,108.1
3980,
3981,
3982,
3983,
3984,
3985,
3986,
3987,
3988,
3989,102.5
3990,549.1
3991,1081.8
3992,1655.6
3993,2208.1
3994,2669.3
3995,2975.9
3996,3083.4
3997,2975.9
3998,2669.3
3999,2208.1
4000,1655.6
4001,1081.8
4002,549.1
4003,102.5
4004,
4005,
4006,
4007,
4008,
4009,
4010,
4011,
4012,
4013,106
4014,564.7
4015,1111.8
4016,1701
4017,2268.2
4018,2741.8
4019,3056.5
4020,3166.9
4021,3056.5
4022,2741.8
4023,2268.2
4024,1701
4025,1111.8
4026,564.7
4027,106
4028,
4029,
4030,
4031,
4032,
4033,
4034,
4035,
4036,
4037,110.5
4038,586
4039,1152.9
4040,1763.6
4041,2351.3
4042,2842.1
4043,3168.2
4044,3282.5
4045,3168.2
4046,2842.1
4047,2351.3
4048,1763.6
4049,1152.9
4050,586
4051,110.5
4052,
4053,
4054,
4055,
4056,
4057,
4058,
4059,
4060,
4061,114
4062,602.4
4063,1184.7
4064,1811.8
4065,2415.4
4066,2919.3
4067,3254.2
4068,3371.6
4069,3254.2
4070,2919.3
4071,2415.4
4072,1811.8
4073,1184.7
4074,602.4
4075,114
4076,
4077,
4078,
4079,
4080,
4081,
4082,
4083,
4084,
4085,113
4086,595.9
4087,1171.5
4088,1791.5
4089,2388.2
4090,2886.4
4091,3217.5
4092,3333.5
4093,3217.5
4094,2886.4
4095,2388.2
4096,1791.5
4097,1171.5
4098,595.9
4099,113
4100,
4101,
4102,
4103,
4104,
4105,
4106,
4107,
4108,
4109,110
4110,579.5
4111,1139.3
4112,1742.1
4113,2322.3
4114,2806.6
4115,3128.5
4116,3241.4
4117,3128.5
4118,2806.6
4119,2322.3
4120,1742.1
4121,1139.3
4122,579.5
4123,110
4124,
4125,
4126,
4127,
4128,
4129,
4130,
4131,
4132,
4133,113.4
4134,598
4135,1175.7
4136,1797.9
4137,2396.7
4138,2896.6
4139,3228.8
4140,3345.3
4141,3228.8
4142,2896.6
4143,2396.7
4144,1797.9
4145,1175.7
4146,598
4147,113.4
4148,
4149,
4150,
4151,
4152,
4153,
4154,
4155,
4156,
4157,110.3
4158,582.7
4159,1145.8
4160,1752.3
4161,2336
4162,2823.3
4163,3147.2
4164,3260.7
4165,3147.2
4166,2823.3
4167,2336
4168,1752.3
4169,1145.8
4170,582.7
4171,110.3
4172,
4173,
4174,
4175,
4176,
4177,
4178,
4179,
4180,
4181,109.2
4182,578.1
4183,1137.2
4184,1739.4
4185,2319
4186,2802.9
4187,3124.5
4188,3237.3
4189,3124.5
4190,2802.9
4191,2319
4192,1739.4
4193,1137.2
4194,578.1
4195,109.2
4196,
4197,
4198,
4199,
4200,
4201,
4202,
4203,
4204,
4205,101.6
4206,540.1
4207,1063.1
4208,1626.4
4209,2168.6
4210,2621.3
4211,2922.2
4212,3027.7
4213,2922.2
4214,2621.3
4215,2168.6
4216,1626.4
4217,1063.1
4218,540.1
4219,101.6
4220,
4221,
4222,
4223,
4224,
4225,
4226,
4227,
4228,
4229,106.7
4230,570.7
4231,1124
4232,1720.1
4233,2293.9
4234,2773
4235,3091.4
4236,3203.1
4237,3091.4
4238,2773
4239,2293.9
4240,1720.1
4241,1124
4242,570.7
4243,106.7
4244,
4245,
4246,
4247,
4248,
4249,
4250,
4251,
4252,
4253,110
4254,592.3
4255,1167.6
4256,1787.5
4257,2384.2
4258,2882.5
4259,3213.7
4260,3329.8
4261,3213.7
4262,2882.5
4263,2384.2
4264,1787.5
4265,1167.6
4266,592.3
4267,110
4268,
4269,
4270,
4271,
4272,
4273,
4274,
4275,
4276,
4277,105.7
4278,574.2
4279,1133.1
4280,1735.3
4281,2315.1
4282,2799.3
4283,3121.1
4284,3234
4285,3121.1
4286,2799.3
4287,2315.1
4288,1735.3
4289,1133.1
4290,574.2
4291,105.7
4292,
4293,
4294,
4295,
4296,
4297,
4298,
4299,
4300,
4301,106.9
4302,586
4303,1157.7
4304,1773.9
4305,2367.2
4306,2862.7
4307,3192
4308,3307.5
4309,3192
4310,2862.7
4311,2367.2
4312,1773.9
4313,1157.7
4314,586
4315,106.9
4316,
4317,
4318,
4319,
4320,
4321,
4322,
4323,
4324,
4325,106.6
4326,591.3
4327,1169.7
4328,1793.3
4329,2393.8
4330,2895.3
4331,3228.7
4332,3345.6
4333,3228.7
4334,2895.3
4335,2393.8
4336,1793.3
4337,1169.7
4338,591.3
4339,106.6
4340,
4341,
4342,
4343,
4344,
4345,
4346,
4347,
4348,
4349,106.2
4350,596
4351,1181
4352,1811.6
4353,2419
4354,2926.4
4355,3263.7
4356,3382
4357,3263.7
4358,2926.4
4359,2419
4360,1811.6
4361,1181
4362,596
4363,106.2
4364,
4365,
4366,
4367,
4368,
4369,
4370,
4371,
4372,
4373,103.9
4374,591.7
4375,1174.3
4376,1802.6
4377,2407.9
4378,2913.6
4379,3249.7
4380,3367.6
4381,3249.7
4382,2913.6
4383,2407.9
4384,1802.6
4385,1174.3
4386,591.7
4387,103.9
4388,
4389,
4390,
4391,
4392,
4393,
4394,
4395,
4396,
4397,101
4398,584.6
4399,1162.4
4400,1785.7
4401,2386.3
4402,2888
4403,3221.6
4404,3338.6
4405,3221.6
4406,2888
4407,2386.3
4408,1785.7
4409,1162.4
4410,584.6
4411,101
4412,
4413,
4414,
4415,
4416,
4417,
4418,
4419,
4420,
4421,99.6
4422,586.4
4423,1168.4
4424,1796.4
4425,2401.6
4426,2907.2
4427,3243.5
4428,3361.4
4429,3243.5
4430,2907.2
4431,2401.6
4432,1796.4
4433,1168.4
4434,586.4
4435,99.6
4436,
4437,
4438,
4439,
4440,
4441,
4442,
4443,
4444,
4445,98.2
4446,590
4447,1178.1
4448,1812.8
4449,2424.7
4450,2936
4451,3276
4452,3395.2
4453,3276
4454,2936
4455,2424.7
4456,1812.8
4457,1178.1
4458,590
4459,98.2
4460,
4461,
4462,
4463,
4464,
4465,
4466,
4467,
4468,
4469,96.2
4470,590.6
4471,1182.2
4472,1820.8
4473,2436.6
4474,2951.2
4475,3293.5
4476,3413.5
4477,3293.5
4478,2951.2
4479,2436.6
4480,1820.8
4481,1182.2
4482,590.6
4483,96.2
4484,
4485,
4486,
4487,
4488,
4489,
4490,
4491,
4492,
4493,90.2
4494,567.1
4495,1138
4496,1754.5
4497,2349.1
4498,2846.1
4499,3176.7
4500,3292.7
4501,3176.7
4502,2846.1
4503,2349.1
4504,1754.5
4505,1138
4506,567.1
4507,90.2
4508,
4509,
4510,
4511,
4512,
4513,
4514,
4515,
4516,
4517,90.3
4518,582.4
4519,1171.9
4520,1808.8
4521,2423.1
4522,2936.7
4523,3278.4
4524,3398.2
4525,3278.4
4526,2936.7
4527,2423.1
4528,1808.8
4529,1171.9
4530,582.4
4531,90.3
4532,
4533,
4534,
4535,
4536,
4537,
4538,
4539,
4540,
4541,86.9
4542,577.1
4543,1164.6
4544,1799.5
4545,2412.2
4546,2924.5
4547,3265.3
4548,3384.9
4549,3265.3
4550,2924.5
4551,2412.2
4552,1799.5
4553,1164.6
4554,577.1
4555,86.9
4556,
4557,
4558,
4559,
4560,
4561,
4562,
4563,
4564,
4565,83.3
4566,570.9
4567,1155.5
4568,1787.7
4569,2397.8
4570,2908.2
4571,3247.7
4572,3366.8
4573,3247.7
4574,2908.2
4575,2397.8
4576,1787.7
4577,1155.5
4578,570.9
4579,83.3
4580,
4581,
4582,
4583,
4584,
4585,
4586,
4587,
4588,
4589,78
4590,553.3
4591,1123.6
4592,1740.5
4593,2336.1
4594,2834.4
4595,3166
4596,3282.3
4597,3166
4598,2834.4
4599,2336.1
4600,1740.5
4601,1123.6
4602,553.3
4603,78
4604,
4605,
4606,
4607,
4608,
4609,
4610,
4611,
4612,
4613,76.8
4614,565.9
4615,1153.1
4616,1788.7
4617,2402.4
4618,2916
4619,3257.8
4620,3377.7
4621,3257.8
4622,2916
4623,2402.4
4624,1788.7
4625,1153.1
4626,565.9
4627,76.8
4628,
4629,
4630,
4631,
4632,
4633,
4634,
4635,
4636,
4637,71.4
4638,548.6
4639,1122
4640,1742.8
4641,2342.6
4642,2844.6
4643,3178.7
4644,3295.9
4645,3178.7
4646,2844.6
4647,2342.6
4648,1742.8
4649,1122
4650,548.6
4651,71.4
4652,
4653,
4654,
4655,
4656,
4657,
4658,
4659,
4660,
4661,65.7
4662,528.4
4663,1084.8
4664,1687.6
4665,2270.1
4666,2757.8
4667,3082.4
4668,3196.3
4669,3082.4
4670,2757.8
4671,2270.1
4672,1687.6
4673,1084.8
4674,528.4
4675,65.7
4676,
4677,
4678,
4679,
4680,
4681,
4682,
4683,
4684,
4685,63.6
4686,538.8
4687,1110.5
4688,1730.3
4689,2329.4
4690,2831.1
4691,3165.1
4692,3282.3
4693,3165.1
4694,2831.1
4695,2329.4
4696,1730.3
4697,1110.5
4698,538.8
4699,63.6
4700,
4701,
4702,
4703,
4704,
4705,
4706,
4707,
4708,
4709,60.7
4710,543.8
4711,1125.6
4712,1756.5
4713,2366.7
4714,2877.8
4715,3218.2
4716,3337.6
4717,3218.2
4718,2877.8
4719,2366.7
4720,1756.5
4721,1125.6
4722,543.8
4723,60.7
4724,
4725,
4726,
4727,
4728,
4729,
4730,
4731,
4732,
4733,56.1
4734,535.6
4735,1113.5
4736,1740.6
4737,2347.4
4738,2855.7
4739,3194.2
4740,3313
4741,3194.2
4742,2855.7
4743,2347.4
4744,1740.6
4745,1113.5
4746,535.6
4747,56.1
4748,
4749,
4750,
4751,
4752,
4753,
4754,
4755,
4756,
4757,52
4758,533
4759,1113.3
4760,1743.4
4761,2353.3
4762,2864.3
4763,3204.8
4764,3324.2
4765,3204.8
4766,2864.3
4767,2353.3
4768,1743.4
4769,1113.3
4770,533
4771,52
4772,
4773,
4774,
4775,
4776,
4777,
4778,
4779,
4780,
4781,47.1
4782,523.2
4783,1098.2
4784,1722.8
4785,2327.7
4786,2834.6
4787,3172.4
4788,3291
4789,3172.4
4790,2834.6
4791,2327.7
4792,1722.8
4793,1098.2
4794,523.2
4795,47.1
4796,
4797,
4798,
4799,
4800,
4801,
4802,
4803,
4804,
4805,42.1
4806,513
4807,1082
4808,1700.7
4809,2300.1
4810,2802.6
4811,3137.4
4812,3255
4813,3137.4
4814,2802.6
4815,2300.1
4816,1700.7
4817,1082
4818,513
4819,42.1
4820,
4821,
4822,
4823,
4824,
4825,
4826,
4827,
4828,
4829,38.2
4830,517.9
4831,1098.1
4832,1729.4
4833,2341.3
4834,2854.4
4835,3196.4
4836,3316.4
4837,3196.4
4838,2854.4
4839,2341.3
4840,1729.4
4841,1098.1
4842,517.9
4843,38.2
4844,
4845,
4846,
4847,
4848,
4849,
4850,
4851,
4852,
4853,32.7
4854,503.6
4855,1073.9
4856,1694.6
4857,2296.5
4858,2801.5
4859,3138.1
4860,3256.3
4861,3138.1
4862,2801.5
4863,2296.5
4864,1694.6
4865,1073.9
4866,503.6
4867,32.7
4868,
4869,
4870,
4871,
4872,
4873,
4874,
4875,
4876,
4877,27.1
4878,484.8
4879,1039.6
4880,1644
4881,2230.4
4882,2722.4
4883,3050.5
4884,3165.7
4885,3050.5
4886,2722.4
4887,2230.4
4888,1644
4889,1039.6
4890,484.8
4891,27.1
4892,
4893,
4894,
4895,
4896,
4897,
4898,
4899,
4900,
4901,22.7
4902,490.9
4903,1058.9
4904,1678.2
4905,2279.3
4906,2783.9
4907,3120.4
4908,3238.6
4909,3120.4
4910,2783.9
4911,2279.3
4912,1678.2
4913,1058.9
4914,490.9
4915,22.7
4916,
4917,
4918,
4919,
4920,
4921,
4922,
4923,
4924,
4925,17.5
4926,482.7
4927,1047.7
4928,1664.2
4929,2262.9
4930,2765.6
4931,3100.9
4932,3218.7
4933,3100.9
4934,2765.6
4935,2262.9
4936,1664.2
4937,1047.7
4938,482.7
4939,17.5
4940,
4941,
4942,
4943,
4944,
4945,
4946,
4947,
4948,
4949,12.4
4950,480.9
4951,1050.7
4952,1672.7
4953,2277.1
4954,2784.9
4955,3123.6
4956,3242.6
4957,3123.6
4958,2784.9
4959,2277.1
4960,1672.7
4961,1050.7
4962,480.9
4963,12.4
4964,
4965,
4966,
4967,
4968,
4969,
4970,
4971,
4972,
4973,7.1
4974,475.6
4975,1046.1
4976,1669.5
4977,2275.5
4978,2784.8
4979,3124.6
4980,3244
4981,3124.6
4982,2784.8
4983,2275.5
4984,1669.5
4985,1046.1
4986,475.6
4987,7.1
4988,
4989,
4990,
4991,
4992,
4993,
4994,
4995,
4996,
4997,1.6
4998,472
4999,1045.5
5000,1672.6
5001,2282.5
5002,2795.3
5003,3137.5
5004,3257.7
5005,3137.5
5006,2795.3
5007,2282.5
5008,1672.6
5009,1045.5
5010,472
5011,1.6
5012,
5013,
5014,
5015,
5016,
5017,
5018,
5019,
5020,
5021,0
5022,468.6
5023,1045.5
5024,1676.9
5025,2291.3
5026,2808
5027,3153
5028,3274.2
5029,3153
5030,2808
5031,2291.3
5032,1676.9
5033,1045.5
5034,468.6
5035,0
5036,
5037,
5038,
5039,
5040,
5041,
5042,
5043,
5044,
5045,0
5046,439.2
5047,987.3
5048,1587.8
5049,2172.4
5050,2664.3
5051,2992.7
5052,3108.1
5053,2992.7
5054,2664.3
5055,2172.4
5056,1587.8
5057,987.3
5058,439.2
5059,0
5060,
5061,
5062,
5063,
5064,
5065,
5066,
5067,
5068,
5069,0
5070,448.6
5071,1016.4
5072,1638.9
5073,2245.4
5074,2755.9
5075,3096.8
5076,3216.6
5077,3096.8
5078,2755.9
5079,2245.4
5080,1638.9
5081,1016.4
5082,448.6
5083,0
5084,
5085,
5086,
5087,
5088,
5089,
5090,
5091,
5092,
5093,0
5094,437.3
5095,998.7
5096,1614.9
5097,2215.6
5098,2721.3
5099,3059.2
5100,3177.9
5101,3059.2
5102,2721.3
5103,2215.6
5104,1614.9
5105,998.7
5106,437.3
5107,0
5108,
5109,
5110,
5111,
5112,
5113,
5114,
5115,
5116,
5117,0
5118,429.3
5119,988.8
5120,1603.4
5121,2203
5122,2707.9
5123,3045.4
5124,3164
5125,3045.4
5126,2707.9
5127,2203
5128,1603.4
5129,988.8
5130,429.3
5131,0
5132,
5133,
5134,
5135,
5136,
5137,
5138,
5139,
5140,
5141,0
5142,422
5143,980.5
5144,1594.6
5145,2193.9
5146,2699
5147,3036.6
5148,3155.3
5149,3036.6
5150,2699
5151,2193.9
5152,1594.6
5153,980.5
5154,422
5155,0
5156,
5157,
5158,
5159,
5160,
5161,
5162,
5163,
5164,
5165,0
5166,415.7
5167,974.6
5168,1589.8
5169,2190.7
5170,2697.2
5171,3035.8
5172,3154.9
5173,3035.8
5174,2697.2
5175,2190.7
5176,1589.8
5177,974.6
5178,415.7
5179,0
5180,
5181,
5182,
5183,
5184,
5185,
5186,
5187,
5188,
5189,0
5190,407.5
5191,964.6
5192,1578.3
5193,2178
5194,2683.9
5195,3022.1
5196,3141.1
5197,3022.1
5198,2683.9
5199,2178
5200,1578.3
5201,964.6
5202,407.5
5203,0
5204,
5205,
5206,
5207,
5208,
5209,
5210,
5211,
5212,
5213,0
5214,394.1
5215,942.2
5216,1546.5
5217,2137.5
5218,2636.2
5219,2969.7
5220,3087
5221,2969.7
5222,2636.2
5223,2137.5
5224,1546.5
5225,942.2
5226,394.1
5227,0
5228,
5229,
5230,
5231,
5232,
5233,
5234,
5235,
5236,
5237,0
5238,401.7
5239,970
5240,1597.3
5241,2211.2
5242,2729.5
5243,3076.2
5244,3198.2
5245,3076.2
5246,2729.5
5247,2211.2
5248,1597.3
5249,970
5250,401.7
5251,0
5252,
5253,
5254,
5255,
5256,
5257,
5258,
5259,
5260,
5261,0
5262,393.9
5263,961.4
5264,1588.5
5265,2202.7
5266,2721.3
5267,3068.4
5268,3190.5
5269,3068.4
5270,2721.3
5271,2202.7
5272,1588.5
5273,961.4
5274,393.9
5275,0
5276,
5277,
5278,
5279,
5280,
5281,
5282,
5283,
5284,
5285,0
5286,382.7
5287,944.4
5288,1565.7
5289,2174.6
5290,2689.1
5291,3033.5
5292,3154.7
5293,3033.5
5294,2689.1
5295,2174.6
5296,1565.7
5297,944.4
5298,382.7
5299,0
5300,
5301,
5302,
5303,
5304,
5305,
5306,
5307,
5308,
5309,0
5310,368.7
5311,920.2
5312,1530.9
5313,2129.8
5314,2636.1
5315,2975.1
5316,3094.4
5317,2975.1
5318,2636.1
5319,2129.8
5320,1530.9
5321,920.2
5322,368.7
5323,0
5324,
5325,
5326,
5327,
5328,
5329,
5330,
5331,
5332,
5333,0
5334,372.7
5335,941.4
5336,1571.8
5337,2190.6
5338,2713.8
5339,3064.3
5340,3187.7
5341,3064.3
5342,2713.8
5343,2190.6
5344,1571.8
5345,941.4
5346,372.7
5347,0
5348,
5349,
5350,
5351,
5352,
5353,
5354,
5355,
5356,
5357,0
5358,347
5359,887.3
5360,1487
5361,2076
5362,2574.4
5363,2908.3
5364,3025.8
5365,2908.3
5366,2574.4
5367,2076
5368,1487
5369,887.3
5370,347
5371,0
5372,
5373,
5374,
5375,
5376,
5377,
5378,
5379,
5380,
5381,0
5382,341.3
5383,884.1
5384,1487.1
5385,2079.9
5386,2581.7
5387,2918
5388,3036.4
5389,2918
5390,2581.7
5391,2079.9
5392,1487.1
5393,884.1
5394,341.3
5395,0
5396,
5397,
5398,
5399,
5400,
5401,
5402,
5403,
5404,
5405,0
5406,334.5
5407,878
5408,1482.6
5409,2077.4
5410,2581.1
5411,2918.9
5412,3037.8
5413,2918.9
5414,2581.1
5415,2077.4
5416,1482.6
5417,878
5418,334.5
5419,0
5420,
5421,
5422,
5423,
5424,
5425,
5426,
5427,
5428,
5429,0
5430,310
5431,825
5432,1398.6
5433,1963.4
5434,2441.9
5435,2762.8
5436,2875.8
5437,2762.8
5438,2441.9
5439,1963.4
5440,1398.6
5441,825
5442,310
5443,0
5444,
5445,
5446,
5447,
5448,
5449,
5450,
5451,
5452,
5453,0
5454,322.9
5455,872
5456,1484.3
5457,2087.7
5458,2599.1
5459,2942.3
5460,3063.1
5461,2942.3
5462,2599.1
5463,2087.7
5464,1484.3
5465,872
5466,322.9
5467,0
5468,
5469,
5470,
5471,
5472,
5473,
5474,
5475,
5476,
5477,0
5478,311.6
5479,854.3
5480,1460.2
5481,2057.7
5482,2564.5
5483,2904.6
5484,3024.4
5485,2904.6
5486,2564.5
5487,2057.7
5488,1460.2
5489,854.3
5490,311.6
5491,0
5492,
5493,
5494,
5495,
5496,
5497,
5498,
5499,
5500,
5501,0
5502,309.5
5503,861.8
5504,1479.4
5505,2088.8
5506,2606
5507,2953.2
5508,3075.5
5509,2953.2
5510,2606
5511,2088.8
5512,1479.4
5513,861.8
5514,309.5
5515,0
5516,
5517,
5518,
5519,
5520,
5521,
5522,
5523,
5524,
5525,0
5526,298.9
5527,846.2
5528,1458.8
5529,2063.9
5530,2577.7
5531,2922.8
5532,3044.3
5533,2922.8
5534,2577.7
5535,2063.9
5536,1458.8
5537,846.2
5538,298.9
5539,0
5540,
5541,
5542,
5543,
5544,
5545,
5546,
5547,
5548,
5549,0
5550,281.1
5551,809.4
5552,1401.6
5553,1987.1
5554,2484.4
5555,2818.5
5556,2936.3
5557,2818.5
5558,2484.4
5559,1987.1
5560,1401.6
5561,809.4
5562,281.1
5563,0
5564,
5565,
5566,
5567,
5568,
5569,
5570,
5571,
5572,
5573,0
5574,271.9
5575,797.1
5576,1386.6
5577,1969.8
5578,2465.6
5579,2798.8
5580,2916.2
5581,2798.8
5582,2465.6
5583,1969.8
5584,1386.6
5585,797.1
5586,271.9
5587,0
5588,
5589,
5590,
5591,
5592,
5593,
5594,
5595,
5596,
5597,0
5598,265.6
5599,793.4
5600,1386.5
5601,1973.9
5602,2473.5
5603,2809.3
5604,2927.7
5605,2809.3
5606,2473.5
5607,1973.9
5608,1386.5
5609,793.4
5610,265.6
5611,0
5612,
5613,
5614,
5615,
5616,
5617,
5618,
5619,
5620,
5621,0
5622,252.6
5623,769.4
5624,1351
5625,1927.5
5626,2418.1
5627,2748
5628,2864.2
5629,2748
5630,2418.1
5631,1927.5
5632,1351
5633,769.4
5634,252.6
5635,0
5636,
5637,
5638,
5639,
5640,
5641,
5642,
5643,
5644,
5645,0
5646,247.2
5647,768.7
5648,1356.4
5649,1939.4
5650,2435.8
5651,2769.7
5652,2887.5
5653,2769.7
5654,2435.8
5655,1939.4
5656,1356.4
5657,768.7
5658,247.2
5659,0
5660,
5661,
5662,
5663,
5664,
5665,
5666,
5667,
5668,
5669,0
5670,239
5671,759.3
5672,1346.5
5673,1929.5
5674,2426.3
5675,2760.5
5676,2878.4
5677,2760.5
5678,2426.3
5679,1929.5
5680,1346.5
5681,759.3
5682,239
5683,0
5684,
5685,
5686,
5687,
5688,
5689,
5690,
5691,
5692,
5693,0
5694,240.8
5695,782.5
5696,1394.7
5697,2003.2
5698,2522
5699,2871.1
5700,2994.3
5701,2871.1
5702,2522
5703,2003.2
5704,1394.7
5705,782.5
5706,240.8
5707,0
5708,
5709,
5710,
5711,
5712,
5713,
5714,
5715,
5716,
5717,0
5718,234.5
5719,780.4
5720,1398.3
5721,2013
5722,2537.4
5723,2890.4
5724,3014.9
5725,2890.4
5726,2537.4
5727,2013
5728,1398.3
5729,780.4
5730,234.5
5731,0
5732,
5733,
5734,
5735,
5736,
5737,
5738,
5739,
5740,
5741,
5742,224.1
5743,764.9
5744,1377.9
5745,1988.3
5746,2509.2
5747,2860.1
5748,2983.9
5749,2860.1
5750,2509.2
5751,1988.3
5752,1377.9
5753,764.9
5754,224.1
5755,
5756,
5757,
5758,
5759,
5760,
5761,
5762,
5763,
5764,
5765,
5766,217.1
5767,760.7
5768,1377.9
5769,1993.1
5770,2518.5
5771,2872.4
5772,2997.4
5773,2872.4
5774,2518.5
5775,1993.1
5776,1377.9
5777,760.7
5778,217.1
5779,
5780,
5781,
5782,
5783,
5784,
5785,
5786,
5787,
5788,
5789,
5790,202.4
5791,729.2
5792,1328.3
5793,1925.9
5794,2436.6
5795,2780.8
5796,2902.3
5797,2780.8
5798,2436.6
5799,1925.9
5800,1328.3
5801,729.2
5802,202.4
5803,
5804,
5805,
5806,
5807,
5808,
5809,
5810,
5811,
5812,
5813,
5814,196.1
5815,727.7
5816,1333.2
5817,1937.8
5818,2454.8
5819,2803.4
5820,2926.4
5821,2803.4
5822,2454.8
5823,1937.8
5824,1333.2
5825,727.7
5826,196.1
5827,
5828,
5829,
5830,
5831,
5832,
5833,
5834,
5835,
5836,
5837,
5838,180.4
5839,691
5840,1273.3
5841,1855.4
5842,2353.5
5843,2689.5
5844,2808.1
5845,2689.5
5846,2353.5
5847,1855.4
5848,1273.3
5849,691
5850,180.4
5851,
5852,
5853,
5854,
5855,
5856,
5857,
5858,
5859,
5860,
5861,
5862,175
5863,692.7
5864,1284.2
5865,1876
5866,2382.8
5867,2724.7
5868,2845.5
5869,2724.7
5870,2382.8
5871,1876
5872,1284.2
5873,692.7
5874,175
5875,
5876,
5877,
5878,
5879,
5880,
5881,
5882,
5883,
5884,
5885,
5886,171.3
5887,702.5
5888,1310.5
5889,1919.4
5890,2441.1
5891,2793.2
5892,2917.6
5893,2793.2
5894,2441.1
5895,1919.4
5896,1310.5
5897,702.5
5898,171.3
5899,
5900,
5901,
5902,
5903,
5904,
5905,
5906,
5907,
5908,
5909,
5910,149.6
5911,637.4
5912,1196.6
5913,1757.2
5914,2237.8
5915,2562.4
5916,2677
5917,2562.4
5918,2237.8
5919,1757.2
5920,1196.6
5921,637.4
5922,149.6
5923,
5924,
5925,
5926,
5927,
5928,
5929,
5930,
5931,
5932,
5933,
5934,147.9
5935,656
5936,1239.4
5937,1825
5938,2327.4
5939,2666.7
5940,2786.6
5941,2666.7
5942,2327.4
5943,1825
5944,1239.4
5945,656
5946,147.9
5947,
5948,
5949,
5950,
5951,
5952,
5953,
5954,
5955,
5956,
5957,
5958,145
5959,671.8
5960,1277.6
5961,1886.3
5962,2408.9
5963,2762
5964,2886.8
5965,2762
5966,2408.9
5967,1886.3
5968,1277.6
5969,671.8
5970,145
5971,
5972,
5973,
5974,
5975,
5976,
5977,
5978,
5979,
5980,
5981,
5982,135.1
5983,656
5984,1256.1
5985,1859.7
5986,2378.2
5987,2728.7
5988,2852.6
5989,2728.7
5990,2378.2
5991,1859.7
5992,1256.1
5993,656
5994,135.1
5995,
5996,
5997,
5998,
5999,
6000,
6001,
6002,
6003,
6004,
6005,
6006,127.5
6007,651.6
6008,1256.3
6009,1865.3
6010,2388.7
6011,2742.7
6012,2867.9
6013,2742.7
6014,2388.7
6015,1865.3
6016,1256.3
6017,651.6
6018,127.5
6019,
6020,
6021,
6022,
6023,
6024,
6025,
6026,
6027,
6028,
6029,
6030,116.8
6031,630.4
6032,1224.1
6033,1822.7
6034,2337.6
6035,2685.9
6036,2809.1
6037,2685.9
6038,2337.6
6039,1822.7
6040,1224.1
6041,630.4
6042,116.8
6043,
6044,
6045,
6046,
6047,
6048,
6049,
6050,
6051,
6052,
6053,
6054,107.7
6055,617.8
6056,1208.5
6057,1804.6
6058,2317.8
6059,2665.1
6060,2787.9
6061,2665.1
6062,2317.8
6063,1804.6
6064,1208.5
6065,617.8
6066,107.7
6067,
6068,
6069,
6070,
6071,
6072,
6073,
6074,
6075,
6076,
6077,
6078,99.6
6079,610.3
6080,1202.8
6081,1801.4
6082,2317
6083,2666.2
6084,2789.7
6085,2666.2
6086,2317
6087,1801.4
6088,1202.8
6089,610.3
6090,99.6
6091,
6092,
6093,
6094,
6095,
6096,
6097,
6098,
6099,
6100,
6101,
6102,88.7
6103,584.5
6104,1161
6105,1744
6106,2246.5
6107,2587
6108,2707.4
6109,2587
6110,2246.5
6111,1744
6112,1161
6113,584.5
6114,88.7
6115,
6116,
6117,
6118,
6119,
6120,
6121,
6122,
6123,
6124,
6125,
6126,84
6127,600.9
6128,1202.9
6129,1812.5
6130,2338.3
6131,2694.6
6132,2820.7
6133,2694.6
6134,2338.3
6135,1812.5
6136,1202.9
6137,600.9
6138,84
6139,
6140,
6141,
6142,
6143,
6144,
6145,
6146,
6147,
6148,
6149,
6150,73
6151,572.8
6152,1156
6153,1747.2
6154,2257.5
6155,2603.5
6156,2726
6157,2603.5
6158,2257.5
6159,1747.2
6160,1156
6161,572.8
6162,73
6163,
6164,
6165,
6166,
6167,
6168,
6169,
6170,
6171,
6172,
6173,
6174,64.7
6175,563.4
6176,1146.5
6177,1738.3
6178,2249.6
6179,2596.3
6180,2719
6181,2596.3
6182,2249.6
6183,1738.3
6184,1146.5
6185,563.4
6186,64.7
6187,
6188,
6189,
6190,
6191,
6192,
6193,
6194,
6195,
6196,
6197,
6198,54.6
6199,537.5
6200,1103.2
6201,1677.9
6202,2174.8
6203,2511.9
6204,2631.3
6205,2511.9
6206,2174.8
6207,1677.9
6208,1103.2
6209,537.5
6210,54.6
6211,
6212,
6213,
6214,
6215,
6216,
6217,
6218,
6219,
6220,
6221,
6222,45.9
6223,521.8
6224,1080.3
6225,1648.5
6226,2140
6227,2473.7
6228,2591.8
6229,2473.7
6230,2140
6231,1648.5
6232,1080.3
6233,521.8
6234,45.9
6235,
6236,
6237,
6238,
6239,
6240,
6241,
6242,
6243,
6244,
6245,
6246,37.4
6247,506.1
6248,1057.2
6249,1618.6
6250,2104.6
6251,2434.7
6252,2551.6
6253,2434.7
6254,2104.6
6255,1618.6
6256,1057.2
6257,506.1
6258,37.4
6259,
6260,
6261,
6262,
6263,
6264,
6265,
6266,
6267,
6268,
6269,
6270,28
6271,471
6272,993.1
6273,1525.6
6274,1986.9
6275,2300.3
6276,2411.3
6277,2300.3
6278,1986.9
6279,1525.6
6280,993.1
6281,471
6282,28
6283,
6284,
6285,
6286,
6287,
6288,
6289,
6290,
6291,
6292,
6293,
6294,21.4
6295,484.5
6296,1031.3
6297,1589.7
6298,2073.7
6299,2402.8
6300,2519.4
6301,2402.8
6302,2073.7
6303,1589.7
6304,1031.3
6305,484.5
6306,21.4
6307,
6308,
6309,
6310,
6311,
6312,
6313,
6314,
6315,
6316,
6317,
6318,12.7
6319,444.5
6320,955.4
6321,1477.8
6322,1931.1
6323,2239.3
6324,2348.6
6325,2239.3
6326,1931.1
6327,1477.8
6328,955.4
6329,444.5
6330,12.7
6331,
6332,
6333,
6334,
6335,
6336,
6337,
6338,
6339,
6340,
6341,
6342,5.5
6343,442.9
6344,961.6
6345,1492.7
6346,1953.7
6347,2267.4
6348,2378.6
6349,2267.4
6350,1953.7
6351,1492.7
6352,961.6
6353,442.9
6354,5.5
6355,
6356,
6357,
6358,
6359,
6360,
6361,
6362,
6363,
6364,
6365,
6366,0
6367,430.8
6368,945.2
6369,1472.4
6370,1930.5
6371,2242.3
6372,2352.9
6373,2242.3
6374,1930.5
6375,1472.4
6376,945.2
6377,430.8
6378,0
6379,
6380,
6381,
6382,
6383,
6384,
6385,
6386,
6387,
6388,
6389,
6390,0
6391,456.5
6392,1012.1
6393,1582.4
6394,2078.4
6395,2416.1
6396,2535.8
6397,2416.1
6398,2078.4
6399,1582.4
6400,1012.1
6401,456.5
6402,0
6403,
6404,
6405,
6406,
6407,
6408,
6409,
6410,
6411,
6412,
6413,
6414,0
6415,431.3
6416,966.9
6417,1517.3
6418,1996.3
6419,2322.6
6420,2438.3
6421,2322.6
6422,1996.3
6423,1517.3
6424,966.9
6425,431.3
6426,0
6427,
6428,
6429,
6430,
6431,
6432,
6433,
6434,
6435,
6436,
6437,
6438,0
6439,394.8
6440,895.2
6441,1410
6442,1858.5
6443,2164.1
6444,2272.5
6445,2164.1
6446,1858.5
6447,1410
6448,895.2
6449,394.8
6450,0
6451,
6452,
6453,
6454,
6455,
6456,
6457,
6458,
6459,
6460,
6461,
6462,0
6463,401.3
6464,920.4
6465,1455.4
6466,1921.6
6467,2239.6
6468,2352.4
6469,2239.6
6470,1921.6
6471,1455.4
6472,920.4
6473,401.3
6474,0
6475,
6476,
6477,
6478,
6479,
6480,
6481,
6482,
6483,
6484,
6485,
6486,0
6487,397.7
6488,923.2
6489,1465.5
6490,1938.5
6491,2261.1
6492,2375.7
6493,2261.1
6494,1938.5
6495,1465.5
6496,923.2
6497,397.7
6498,0
6499,
6500,
6501,
6502,
6503,
6504,
6505,
6506,
6507,
6508,
6509,
6510,0
6511,387.9
6512,911.7
6513,1452.8
6514,1925.3
6515,2247.7
6516,2362.2
6517,2247.7
6518,1925.3
6519,1452.8
6520,911.7
6521,387.9
6522,0
6523,
6524,
6525,
6526,
6527,
6528,
6529,
6530,
6531,
6532,
6533,
6534,0
6535,375
6536,892.7
6537,1428.2
6538,1896.2
6539,2215.7
6540,2329.2
6541,2215.7
6542,1896.2
6543,1428.2
6544,892.7
6545,375
6546,0
6547,
6548,
6549,
6550,
6551,
6552,
6553,
6554,
6555,
6556,
6557,
6558,0
6559,362.4
6560,874.3
6561,1404.6
6562,1868.3
6563,2185.1
6564,2297.6
6565,2185.1
6566,1868.3
6567,1404.6
6568,874.3
6569,362.4
6570,0
6571,
6572,
6573,
6574,
6575,
6576,
6577,
6578,
6579,
6580,
6581,
6582,0
6583,365
6584,892.5
6585,1439.7
6586,1918.6
6587,2245.9
6588,2362.2
6589,2245.9
6590,1918.6
6591,1439.7
6592,892.5
6593,365
6594,0
6595,
6596,
6597,
6598,
6599,
6600,
6601,
6602,
6603,
6604,
6605,
6606,0
6607,360.2
6608,893.2
6609,1447
6610,1932.1
6611,2263.8
6612,2381.6
6613,2263.8
6614,1932.1
6615,1447
6616,893.2
6617,360.2
6618,0
6619,
6620,
6621,
6622,
6623,
6624,
6625,
6626,
6627,
6628,
6629,
6630,0
6631,341.7
6632,859.8
6633,1398.8
6634,1871.4
6635,2194.6
6636,2309.5
6637,2194.6
6638,1871.4
6639,1398.8
6640,859.8
6641,341.7
6642,0
6643,
6644,
6645,
6646,
6647,
6648,
6649,
6650,
6651,
6652,
6653,0
6654,315.3
6655,805.6
6656,1316.4
6657,1764.5
6658,2071.2
6659,2180.2
6660,2071.2
6661,1764.5
6662,1316.4
6663,805.6
6664,315.3
6665,0
6666,
6667,
6668,
6669,
6670,
6671,
6672,
6673,
6674,
6675,
6676,
6677,
6678,0
6679,294.9
6680,765.1
6681,1255.7
6682,1686.6
6683,1981.6
6684,2086.5
6685,1981.6
6686,1686.6
6687,1255.7
6688,765.1
6689,294.9
6690,0
6691,
6692,
6693,
6694,
6695,
6696,
6697,
6698,
6699,
6700,
6701,
6702,0
6703,289.2
6704,762.7
6705,1257.4
6706,1692.2
6707,1990
6708,2096
6709,1990
6710,1692.2
6711,1257.4
6712,762.7
6713,289.2
6714,0
6715,
6716,
6717,
6718,
6719,
6720,
6721,
6722,
6723,
6724,
6725,
6726,0
6727,294.7
6728,790.3
6729,1308.8
6730,1765
6731,2077.6
6732,2188.8
6733,2077.6
6734,1765
6735,1308.8
6736,790.3
6737,294.7
6738,0
6739,
6740,
6741,
6742,
6743,
6744,
6745,
6746,
6747,
6748,
6749,
6750,0
6751,263.5
6752,718.9
6753,1196.2
6754,1616.4
6755,1904.6
6756,2007.1
6757,1904.6
6758,1616.4
6759,1196.2
6760,718.9
6761,263.5
6762,0
6763,
6764,
6765,
6766,
6767,
6768,
6769,
6770,
6771,
6772,
6773,
6774,0
6775,277.3
6776,770.6
6777,1288.2
6778,1744.4
6779,2057.3
6780,2168.7
6781,2057.3
6782,1744.4
6783,1288.2
6784,770.6
6785,277.3
6786,0
6787,
6788,
6789,
6790,
6791,
6792,
6793,
6794,
6795,
6796,
6797,
6798,0
6799,283.2
6800,801.9
6801,1347
6802,1827.7
6803,2157.7
6804,2275.2
6805,2157.7
6806,1827.7
6807,1347
6808,801.9
6809,283.2
6810,0
6811,
6812,
6813,
6814,
6815,
6816,
6817,
6818,
6819,
6820,
6821,
6822,0
6823,249.7
6824,720.9
6825,1216.9
6826,1654.6
6827,1955.3
6828,2062.3
6829,1955.3
6830,1654.6
6831,1216.9
6832,720.9
6833,249.7
6834,0
6835,
6836,
6837,
6838,
6839,
6840,
6841,
6842,
6843,
6844,
6845,
6846,0
6847,257.9
6848,759.7
6849,1288.7
6850,1756.1
6851,2077.2
6852,2191.5
6853,2077.2
6854,1756.1
6855,1288.7
6856,759.7
6857,257.9
6858,0
6859,
6860,
6861,
6862,
6863,
6864,
6865,
6866,
6867,
6868,
6869,
6870,0
6871,226.8
6872,682.4
6873,1163.4
6874,1588.8
6875,1881.2
6876,1985.3
6877,1881.2
6878,1588.8
6879,1163.4
6880,682.4
6881,226.8
6882,0
6883,
6884,
6885,
6886,
6887,
6888,
6889,
6890,
6891,
6892,
6893,
6894,0
6895,244
6896,750.5
6897,1286.2
6898,1760.2
6899,2086.2
6900,2202.4
6901,2086.2
6902,1760.2
6903,1286.2
6904,750.5
6905,244
6906,0
6907,
6908,
6909,
6910,
6911,
6912,
6913,
6914,
6915,
6916,
6917,
6918,0
6919,223.6
6920,703.6
6921,1212
6922,1662.4
6923,1972.3
6924,2082.7
6925,1972.3
6926,1662.4
6927,1212
6928,703.6
6929,223.6
6930,0
6931,
6932,
6933,
6934,
6935,
6936,
6937,
6938,
6939,
6940,
6941,
6942,0
6943,222.9
6944,718.6
6945,1244.4
6946,1710.6
6947,2031.5
6948,2145.9
6949,2031.5
6950,1710.6
6951,1244.4
6952,718.6
6953,222.9
6954,0
6955,
6956,
6957,
6958,
6959,
6960,
6961,
6962,
6963,
6964,
6965,
6966,0
6967,219
6968,723.9
6969,1260.3
6970,1736.3
6971,2064.1
6972,2181
6973,2064.1
6974,1736.3
6975,1260.3
6976,723.9
6977,219
6978,0
6979,
6980,
6981,
6982,
6983,
6984,
6985,
6986,
6987,
6988,
6989,
6990,
6991,197.4
6992,670
6993,1172.8
6994,1619.4
6995,1927.1
6996,2036.9
6997,1927.1
6998,1619.4
6999,1172.8
7000,670
7001,197.4
7002,
7003,
7004,
7005,
7006,
7007,
7008,
7009,
7010,
7011,
7012,
7013,
7014,
7015,183
7016,638.4
7017,1123.7
7018,1555.2
7019,1852.7
7020,1958.8
7021,1852.7
7022,1555.2
7023,1123.7
7024,638.4
7025,183
7026,
7027,
7028,
7029,
7030,
7031,
7032,
7033,
7034,
7035,
7036,
7037,
7038,
7039,178.5
7040,640.9
7041,1134.4
7042,1573.6
7043,1876.6
7044,1984.7
7045,1876.6
7046,1573.6
7047,1134.4
7048,640.9
7049,178.5
7050,
7051,
7052,
7053,
7054,
7055,
7056,
7057,
7058,
7059,
7060,
7061,
7062,
7063,174.5
7064,645.7
7065,1149.5
7066,1598.2
7067,1907.9
7068,2018.4
7069,1907.9
7070,1598.2
7071,1149.5
7072,645.7
7073,174.5
7074,
7075,
7076,
7077,
7078,
7079,
7080,
7081,
7082,
7083,
7084,
7085,
7086,
7087,167.2
7088,638.7
7089,1143.7
7090,1593.8
7091,1904.7
7092,2015.6
7093,1904.7
7094,1593.8
7095,1143.7
7096,638.7
7097,167.2
7098,
7099,
7100,
7101,
7102,
7103,
7104,
7105,
7106,
7107,
7108,
7109,
7110,
7111,152.5
7112,602.5
7113,1085.2
7114,1515.8
7115,1813.4
7116,1919.6
7117,1813.4
7118,1515.8
7119,1085.2
7120,602.5
7121,152.5
7122,
7123,
7124,
7125,
7126,
7127,
7128,
7129,
7130,
7131,
7132,
7133,
7134,
7135,149.5
7136,612
7137,1108.9
7138,1552.7
7139,1859.5
7140,1969
7141,1859.5
7142,1552.7
7143,1108.9
7144,612
7145,149.5
7146,
7147,
7148,
7149,
7150,
7151,
7152,
7153,
7154,
7155,
7156,
7157,
7158,
7159,140.9
7160,598.6
7161,1091.2
7162,1531.6
7163,1836.1
7164,1944.9
7165,1836.1
7166,1531.6
7167,1091.2
7168,598.6
7169,140.9
7170,
7171,
7172,
7173,
7174,
7175,
7176,
7177,
7178,
7179,
7180,
7181,
7182,
7183,134.8
7184,595.9
7185,1093
7186,1537.8
7187,1845.6
7188,1955.5
7189,1845.6
7190,1537.8
7191,1093
7192,595.9
7193,134.8
7194,
7195,
7196,
7197,
7198,
7199,
7200,
7201,
7202,
7203,
7204,
7205,
7206,
7207,131.1
7208,604.7
7209,1116
7210,1573.9
7211,1891
7212,2004.3
7213,1891
7214,1573.9
7215,1116
7216,604.7
7217,131.1
7218,
7219,
7220,
7221,
7222,
7223,
7224,
7225,
7226,
7227,
7228,
7229,
7230,
7231,129.1
7232,622.9
7233,1157
7234,1635.7
7235,1967.3
7236,2085.8
7237,1967.3
7238,1635.7
7239,1157
7240,622.9
7241,129.1
7242,
7243,
7244,
7245,
7246,
7247,
7248,
7249,
7250,
7251,
7252,
7253,
7254,
7255,118.5
7256,600
7257,1121.5
7258,1589.5
7259,1913.8
7260,2029.7
7261,1913.8
7262,1589.5
7263,1121.5
7264,600
7265,118.5
7266,
7267,
7268,
7269,
7270,
7271,
7272,
7273,
7274,
7275,
7276,
7277,
7278,
7279,107.2
7280,570.9
7281,1074.2
7282,1526.2
7283,1839.5
7284,1951.6
7285,1839.5
7286,1526.2
7287,1074.2
7288,570.9
7289,107.2
7290,
7291,
7292,
7293,
7294,
7295,
7296,
7297,
7298,
7299,
7300,
7301,
7302,
7303,101.4
7304,570.6
7305,1080.6
7306,1539.1
7307,1857.1
7308,1970.9
7309,1857.1
7310,1539.1
7311,1080.6
7312,570.6
7313,101.4
7314,
7315,
7316,
7317,
7318,
7319,
7320,
7321,
7322,
7323,
7324,
7325,
7326,
7327,92.3
7328,551.7
7329,1051.8
7330,1501.7
7331,1814
7332,1925.7
7333,1814
7334,1501.7
7335,1051.8
7336,551.7
7337,92.3
7338,
7339,
7340,
7341,
7342,
7343,
7344,
7345,
7346,
7347,
7348,
7349,
7350,
7351,85.6
7352,545.5
7353,1047
7354,1498.7
7355,1812.3
7356,1924.6
7357,1812.3
7358,1498.7
7359,1047
7360,545.5
7361,85.6
7362,
7363,
7364,
7365,
7366,
7367,
7368,
7369,
7370,
7371,
7372,
7373,
7374,
7375,72.2
7376,493.5
7377,953.8
7378,1368.6
7379,1656.8
7380,1760
7381,1656.8
7382,1368.6
7383,953.8
7384,493.5
7385,72.2
7386,
7387,
7388,
7389,
7390,
7391,
7392,
7393,
7394,
7395,
7396,
7397,
7398,
7399,64.9
7400,478.7
7401,931.5
7402,1340
7403,1623.9
7404,1725.6
7405,1623.9
7406,1340
7407,931.5
7408,478.7
7409,64.9
7410,
7411,
7412,
7413,
7414,
7415,
7416,
7417,
7418,
7419,
7420,
7421,
7422,
7423,61.1
7424,490.3
7425,960.8
7426,1385.6
7427,1681
7428,1786.8
7429,1681
7430,1385.6
7431,960.8
7432,490.3
7433,61.1
7434,
7435,
7436,
7437,
7438,
7439,
7440,
7441,
7442,
7443,
7444,
7445,
7446,
7447,54
7448,475.8
7449,938.9
7450,1357.5
7451,1648.7
7452,1753
7453,1648.7
7454,1357.5
7455,938.9
7456,475.8
7457,54
7458,
7459,
7460,
7461,
7462,
7463,
7464,
7465,
7466,
7467,
7468,
7469,
7470,
7471,50.2
7472,491.4
7473,976.6
7474,1415.5
7475,1721
7476,1830.5
7477,1721
7478,1415.5
7479,976.6
7480,491.4
7481,50.2
7482,
7483,
7484,
7485,
7486,
7487,
7488,
7489,
7490,
7491,
7492,
7493,
7494,
7495,41.4
7496,457.2
7497,915.2
7498,1329.8
7499,1618.6
7500,1722.1
7501,1618.6
7502,1329.8
7503,915.2
7504,457.2
7505,41.4
7506,
7507,
7508,
7509,
7510,
7511,
7512,
7513,
7514,
7515,
7516,
7517,
7518,
7519,36.7
7520,464.5
7521,936.5
7522,1364.3
7523,1662.4
7524,1769.2
7525,1662.4
7526,1364.3
7527,936.5
7528,464.5
7529,36.7
7530,
7531,
7532,
7533,
7534,
7535,
7536,
7537,
7538,
7539,
7540,
7541,
7542,
7543,27.2
7544,405.7
7545,823.9
7546,1203.3
7547,1467.8
7548,1562.6
7549,1467.8
7550,1203.3
7551,823.9
7552,405.7
7553,27.2
7554,
7555,
7556,
7557,
7558,
7559,
7560,
7561,
7562,
7563,
7564,
7565,
7566,
7567,24.6
7568,445.8
7569,912.1
7570,1335.4
7571,1630.6
7572,1736.5
7573,1630.6
7574,1335.4
7575,912.1
7576,445.8
7577,24.6
7578,
7579,
7580,
7581,
7582,
7583,
7584,
7585,
7586,
7587,
7588,
7589,
7590,
7591,17.6
7592,410
7593,845
7594,1240.3
7595,1516.1
7596,1615
7597,1516.1
7598,1240.3
7599,845
7600,410
7601,17.6
7602,
7603,
7604,
7605,
7606,
7607,
7608,
7609,
7610,
7611,
7612,
7613,
7614,
7615,12.7
7616,412.8
7617,857.1
7618,1261.3
7619,1543.4
7620,1644.6
7621,1543.4
7622,1261.3
7623,857.1
7624,412.8
7625,12.7
7626,
7627,
7628,
7629,
7630,
7631,
7632,
7633,
7634,
7635,
7636,
7637,
7638,
7639,6.9
7640,376.6
7641,787.8
7642,1162.1
7643,1423.5
7644,1517.3
7645,1423.5
7646,1162.1
7647,787.8
7648,376.6
7649,6.9
7650,
7651,
7652,
7653,
7654,
7655,
7656,
7657,
7658,
7659,
7660,
7661,
7662,
7663,2.1
7664,375.5
7665,791.6
7666,1170.6
7667,1435.4
7668,1530.4
7669,1435.4
7670,1170.6
7671,791.6
7672,375.5
7673,2.1
7674,
7675,
7676,
7677,
7678,
7679,
7680,
7681,
7682,
7683,
7684,
7685,
7686,
7687,0
7688,371.4
7689,788.7
7690,1169.2
7691,1435.1
7692,1530.6
7693,1435.1
7694,1169.2
7695,788.7
7696,371.4
7697,0
7698,
7699,
7700,
7701,
7702,
7703,
7704,
7705,
7706,
7707,
7708,
7709,
7710,
7711,0
7712,363
7713,776.7
7714,1154.2
7715,1418.2
7716,1512.9
7717,1418.2
7718,1154.2
7719,776.7
7720,363
7721,0
7722,
7723,
7724,
7725,
7726,
7727,
7728,
7729,
7730,
7731,
7732,
7733,
7734,
7735,0
7736,365
7737,786.9
7738,1172.1
7739,1441.6
7740,1538.4
7741,1441.6
7742,1172.1
7743,786.9
7744,365
7745,0
7746,
7747,
7748,
7749,
7750,
7751,
7752,
7753,
7754,
7755,
7756,
7757,
7758,
7759,0
7760,343.1
7761,745.2
7762,1112.8
7763,1370
7764,1462.4
7765,1370
7766,1112.8
7767,745.2
7768,343.1
7769,0
7770,
7771,
7772,
7773,
7774,
7775,
7776,
7777,
7778,
7779,
7780,
7781,
7782,
7783,0
7784,352.8
7785,772.1
7786,1155.6
7787,1424.1
7788,1520.5
7789,1424.1
7790,1155.6
7791,772.1
7792,352.8
7793,0
7794,
7795,
7796,
7797,
7798,
7799,
7800,
7801,
7802,
7803,
7804,
7805,
7806,
7807,0
7808,312.2
7809,688.3
7810,1032.6
7811,1273.7
7812,1360.3
7813,1273.7
7814,1032.6
7815,688.3
7816,312.2
7817,0
7818,
7819,
7820,
7821,
7822,
7823,
7824,
7825,
7826,
7827,
7828,
7829,
7830,
7831,0
7832,349.7
7833,776.6
7834,1167.7
7835,1441.8
7836,1540.2
7837,1441.8
7838,1167.7
7839,776.6
7840,349.7
7841,0
7842,
7843,
7844,
7845,
7846,
7847,
7848,
7849,
7850,
7851,
7852,
7853,
7854,
7855,0
7856,347
7857,776.3
7858,1169.9
7859,1445.9
7860,1545
7861,1445.9
7862,1169.9
7863,776.3
7864,347
7865,0
7866,
7867,
7868,
7869,
7870,
7871,
7872,
7873,
7874,
7875,
7876,
7877,
7878,
7879,0
7880,342.9
7881,772.7
7882,1167.1
7883,1443.7
7884,1543.1
7885,1443.7
7886,1167.1
7887,772.7
7888,342.9
7889,0
7890,
7891,
7892,
7893,
7894,
7895,
7896,
7897,
7898,
7899,
7900,
7901,
7902,
7903,0
7904,353.3
7905,802
7906,1214
7907,1503
7908,1606.9
7909,1503
7910,1214
7911,802
7912,353.3
7913,0
7914,
7915,
7916,
7917,
7918,
7919,
7920,
7921,
7922,
7923,
7924,
7925,
7926,
7927,0
7928,357.8
7929,818
7930,1240.8
7931,1537.5
7932,1644.1
7933,1537.5
7934,1240.8
7935,818
7936,357.8
7937,0
7938,
7939,
7940,
7941,
7942,
7943,
7944,
7945,
7946,
7947,
7948,
7949,
7950,
7951,0
7952,344
7953,791.9
7954,1203.7
7955,1492.8
7956,1596.7
7957,1492.8
7958,1203.7
7959,791.9
7960,344
7961,0
7962,
7963,
7964,
7965,
7966,
7967,
7968,
7969,
7970,
7971,
7972,
7973,
7974,
7975,0
7976,335.1
7977,776.9
7978,1183.2
7979,1468.6
7980,1571.2
7981,1468.6
7982,1183.2
7983,776.9
7984,335.1
7985,0
7986,
7987,
7988,
7989,
7990,
7991,
7992,
7993,
7994,
7995,
7996,
7997,
7998,
7999,0
8000,348.8
8001,814.1
8002,1242.3
8003,1543.1
8004,1651.3
8005,1543.1
8006,1242.3
8007,814.1
8008,348.8
8009,0
8010,
8011,
8012,
8013,
8014,
8015,
8016,
8017,
8018,
8019,
8020,
8021,
8022,
8023,0
8024,325.3
8025,764.3
8026,1168.6
8027,1452.7
8028,1554.9
8029,1452.7
8030,1168.6
8031,764.3
8032,325.3
8033,0
8034,
8035,
8036,
8037,
8038,
8039,
8040,
8041,
8042,
8043,
8044,
8045,
8046,
8047,0
8048,317.3
8049,750.2
8050,1149.1
8051,1429.5
8052,1530.4
8053,1429.5
8054,1149.1
8055,750.2
8056,317.3
8057,0
8058,
8059,
8060,
8061,
8062,
8063,
8064,
8065,
8066,
8067,
8068,
8069,
8070,
8071,0
8072,324.7
8073,772.5
8074,1185.4
8075,1475.7
8076,1580.2
8077,1475.7
8078,1185.4
8079,772.5
8080,324.7
8081,0
8082,
8083,
8084,
8085,
8086,
8087,
8088,
8089,
8090,
8091,
8092,
8093,
8094,
8095,0
8096,295.4
8097,707
8098,1086.7
8099,1353.8
8100,1449.9
8101,1353.8
8102,1086.7
8103,707
8104,295.4
8105,0
8106,
8107,
8108,
8109,
8110,
8111,
8112,
8113,
8114,
8115,
8116,
8117,
8118,
8119,0
8120,272.3
8121,655.5
8122,1009.1
8123,1258
8124,1347.5
8125,1258
8126,1009.1
8127,655.5
8128,272.3
8129,0
8130,
8131,
8132,
8133,
8134,
8135,
8136,
8137,
8138,
8139,
8140,
8141,
8142,
8143,0
8144,299.4
8145,724.9
8146,1117.8
8147,1394.2
8148,1493.8
8149,1394.2
8150,1117.8
8151,724.9
8152,299.4
8153,0
8154,
8155,
8156,
8157,
8158,
8159,
8160,
8161,
8162,
8163,
8164,
8165,
8166,
8167,0
8168,272.8
8169,663.8
8170,1025.1
8171,1279.4
8172,1370.9
8173,1279.4
8174,1025.1
8175,663.8
8176,272.8
8177,0
8178,
8179,
8180,
8181,
8182,
8183,
8184,
8185,
8186,
8187,
8188,
8189,
8190,
8191,0
8192,294.2
8193,719.7
8194,1112.9
8195,1389.7
8196,1489.4
8197,1389.7
8198,1112.9
8199,719.7
8200,294.2
8201,0
8202,
8203,
8204,
8205,
8206,
8207,
8208,
8209,
8210,
8211,
8212,
8213,
8214,
8215,0
8216,286.2
8217,703.3
8218,1089
8219,1360.6
8220,1458.4
8221,1360.6
8222,1089
8223,703.3
8224,286.2
8225,0
8226,
8227,
8228,
8229,
8230,
8231,
8232,
8233,
8234,
8235,
8236,
8237,
8238,
8239,0
8240,296.5
8241,732
8242,1134.9
8243,1418.6
8244,1520.7
8245,1418.6
8246,1134.9
8247,732
8248,296.5
8249,0
8250,
8251,
8252,
8253,
8254,
8255,
8256,
8257,
8258,
8259,
8260,
8261,
8262,
8263,0
8264,265.5
8265,658.2
8266,1021.4
8267,1277.4
8268,1369.5
8269,1277.4
8270,1021.4
8271,658.2
8272,265.5
8273,0
8274,
8275,
8276,
8277,
8278,
8279,
8280,
8281,
8282,
8283,
8284,
8285,
8286,
8287,0
8288,280.9
8289,699.1
8290,1086
8291,1358.7
8292,1456.9
8293,1358.7
8294,1086
8295,699.1
8296,280.9
8297,0
8298,
8299,
8300,
8301,
8302,
8303,
8304,
8305,
8306,
8307,
8308,
8309,
8310,
8311,0
8312,298
8313,744.2
8314,1157.3
8315,1448.4
8316,1553.2
8317,1448.4
8318,1157.3
8319,744.2
8320,298
8321,0
8322,
8323,
8324,
8325,
8326,
8327,
8328,
8329,
8330,
8331,
8332,
8333,
8334,
8335,0
8336,287.2
8337,719.4
8338,1119.6
8339,1401.6
8340,1503.2
8341,1401.6
8342,1119.6
8343,719.4
8344,287.2
8345,0
8346,
8347,
8348,
8349,
8350,
8351,
8352,
8353,
8354,
8355,
8356,
8357,
8358,
8359,0
8360,256.5
8361,644.3
8362,1003.4
8363,1256.6
8364,1347.8
8365,1256.6
8366,1003.4
8367,644.3
8368,256.5
8369,0
8370,
8371,
8372,
8373,
8374,
8375,
8376,
8377,
8378,
8379,
8380,
8381,
8382,
8383,0
8384,289.8
8385,729.6
8386,1137
8387,1424.2
8388,1527.7
8389,1424.2
8390,1137
8391,729.6
8392,289.8
8393,0
8394,
8395,
8396,
8397,
8398,
8399,
8400,
8401,
8402,
8403,
8404,
8405,
8406,
8407,0
8408,270.8
8409,683.1
8410,1065.2
8411,1334.6
8412,1431.6
8413,1334.6
8414,1065.2
8415,683.1
8416,270.8
8417,0
8418,
8419,
8420,
8421,
8422,
8423,
8424,
8425,
8426,
8427,
8428,
8429,
8430,
8431,0
8432,257.1
8433,649.8
8434,1013.6
8435,1270.1
8436,1362.5
8437,1270.1
8438,1013.6
8439,649.8
8440,257.1
8441,
8442,
8443,
8444,
8445,
8446,
8447,
8448,
8449,
8450,
8451,
8452,
8453,
8454,
8455,0
8456,262.5
8457,664.2
8458,1036.5
8459,1298.9
8460,1393.5
8461,1298.9
8462,1036.5
8463,664.2
8464,262.5
8465,0
8466,
8467,
8468,
8469,
8470,
8471,
8472,
8473,
8474,
8475,
8476,
8477,
8478,
8479,0
8480,261.8
8481,663
8482,1034.8
8483,1297
8484,1391.4
8485,1297
8486,1034.8
8487,663
8488,261.8
8489,0
8490,
8491,
8492,
8493,
8494,
8495,
8496,
8497,
8498,
8499,
8500,
8501,
8502,
8503,0
8504,269.3
8505,682.2
8506,1064.9
8507,1334.8
8508,1432
8509,1334.8
8510,1064.9
8511,682.2
8512,269.3
8513,0
8514,
8515,
8516,
8517,
8518,
8519,
8520,
8521,
8522,
8523,
8524,
8525,
8526,
8527,0
8528,245.4
8529,621.6
8530,970.4
8531,1216.2
8532,1304.8
8533,1216.2
8534,970.4
8535,621.6
8536,245.4
8537,0
8538,
8539,
8540,
8541,
8542,
8543,
8544,
8545,
8546,
8547,
8548,
8549,
8550,
8551,0
8552,258.3
8553,654.1
8554,1021
8555,1279.6
8556,1372.8
8557,1279.6
8558,1021
8559,654.1
8560,258.3
8561,0
8562,
8563,
8564,
8565,
8566,
8567,
8568,
8569,
8570,
8571,
8572,
8573,
8574,
8575,0
8576,273.7
8577,692.6
8578,1080.8
8579,1354.4
8580,1453
8581,1354.4
8582,1080.8
8583,692.6
8584,273.7
8585,0
8586,
8587,
8588,
8589,
8590,
8591,
8592,
8593,
8594,
8595,
8596,
8597,
8598,
8599,0
8600,286.8
8601,724.6
8602,1130.4
8603,1416.5
8604,1519.5
8605,1416.5
8606,1130.4
8607,724.6
8608,286.8
8609,0
8610,
8611,
8612,
8613,
8614,
8615,
8616,
8617,
8618,
8619,
8620,
8621,
8622,
8623,0
8624,300.1
8625,757.1
8626,1180.5
8627,1479
8628,1586.5
8629,1479
8630,1180.5
8631,757.1
8632,300.1
8633,0
8634,
8635,
8636,
8637,
8638,
8639,
8640,
8641,
8642,
8643,
8644,
8645,
8646,
8647,0
8648,289.4
8649,728.6
8650,1135.5
8651,1422.3
8652,1525.6
8653,1422.3
8654,1135.5
8655,728.6
8656,289.4
8657,0
8658,
8659,
8660,
8661,
8662,
8663,
8664,
8665,
8666,
8667,
8668,
8669,
8670,
8671,0
8672,287.4
8673,722
8674,1124.5
8675,1408.2
8676,1510.4
8677,1408.2
8678,1124.5
8679,722
8680,287.4
8681,0
8682,
8683,
8684,
8685,
8686,
8687,
8688,
8689,
8690,
8691,
8692,
8693,
8694,
8695,0
8696,271.5
8697,680.2
8698,1058.6
8699,1325.3
8700,1421.3
8701,1325.3
8702,1058.6
8703,680.2
8704,271.5
8705,0
8706,
8707,
8708,
8709,
8710,
8711,
8712,
8713,
8714,
8715,
8716,
8717,
8718,
8719,0
8720,263.5
8721,657.9
8722,1023.1
8723,1280.4
8724,1373.1
8725,1280.4
8726,1023.1
8727,657.9
8728,263.5
8729,0
8730,
8731,
8732,
8733,
8734,
8735,
8736,
8737,
8738,
8739,
8740,
8741,
8742,
8743,0
8744,299.1
8745,744.3
8746,1156.3
8747,1446.7
8748,1551.2
8749,1446.7
8750,1156.3
8751,744.3
8752,299.1
8753,
8754,
8755,
8756,
8757,
8758,
8759,
8760,
